,Word,Frequency,Category
0,International,111,
1,University,107,
2,Institute,86,
3,Association,79,
4,Foundation,77,
5,Climate,56,
6,Inc,51,
7,Environmental,42,
8,Development,41,
9,Environment,39,
10,Center,39,
11,Centre,38,
12,Energy,33,
13,Global,32,
14,Network,30,
15,World,30,
16,Research,27,
17,Council,27,
18,Society,24,
19,Federation,21,
20,Initiative,19,
21,Organization,19,
22,National,19,
23,Fundación,19,
24,Green,18,
25,Sustainable Development,18,
26,European,17,
27,Alliance,17,
28,Women,17,
29,Technology,16,
30,Forest,16,
31,Resource,16,
32,Asociación,16,
33,Union,16,
34,Economic,15,
35,Forum,14,
36,People,14,
37,Sustainable,14,
38,Policy,14,
39,Science,14,
40,Climate Change,14,
41,Youth,13,
42,Research Institute,13,
43,Cooperation,12,
44,Law,12,
45,Protection,12,
46,Environnement,12,
47,Industry,12,
48,Group,12,
49,College,12,
50,Japan,12,
51,Conservation,11,
52,Ltd,11,
53,China,10,
54,Ecological,10,
55,Carbon,10,
56,Fund,10,
57,Limited,10,
58,Earth,10,
59,Climate Action,10,
60,Studies,9,
61,American,9,
62,Asia,9,
63,Indigenous,9,
64,Public,9,
65,Justice,9,
66,Trust,9,
67,Club,9,
68,Action Network,9,
69,Rural,8,
70,Organisation,8,
71,Europe,8,
72,Management,8,
73,Développement,8,
74,Social,8,
75,South,8,
76,Movement,8,
77,Partnership,8,
78,Peace,8,
79,Sustainable Energy,8,
80,African,7,
81,Industrial,7,
82,Business,7,
83,Gas,7,
84,NGO,7,
85,Sustainability,7,
86,Centro,7,
87,Church,7,
88,Health,7,
89,German,7,
90,Instituto,7,
91,Université,7,
92,Business Council,7,
93,Africa,6,
94,Ocean,6,
95,Coalition,6,
96,Desarrollo,6,
97,Regional,6,
98,Nature,6,
99,C,6,
100,Canadian,6,
101,Internationale,6,
102,Recherche,6,
103,Chamber,6,
104,Commerce,6,
105,Exchange,6,
106,Danish,6,
107,Water,6,
108,Transport,6,
109,Norwegian,6,
110,Agricultural,5,
111,Mountain,5,
112,Watch,5,
113,Ambiente,5,
114,Overseas,5,
115,Australian,5,
116,Storage,5,
117,Catholic,5,
118,Clean,5,
119,United,5,
120,America,5,
121,New,5,
122,Education,5,
123,Nepal,5,
124,Canada,5,
125,Project,5,
126,Committee,5,
127,Confederation,5,
128,Innovation,5,
129,Transportation,5,
130,Future,5,
131,Taiwan,5,
132,Institut,5,
133,Student,5,
134,Human Rights,5,
135,Ecology,4,
136,Academy,4,
137,B,4,
138,Change,4,
139,Wildlife,4,
140,Air,4,
141,Amazon,4,
142,Southern,4,
143,Community,4,
144,Asian,4,
145,Coordinadora,4,
146,Natural,4,
147,gGmbH,4,
148,Rainforest,4,
149,Brazilian,4,
150,Leadership,4,
151,Market,4,
152,Care,4,
153,Information,4,
154,Life,4,
155,Région,4,
156,Derecho,4,
157,Christian,4,
158,Citizen,4,
159,Australia,4,
160,Coastal,4,
161,Saint,4,
162,Electric,4,
163,Power,4,
164,Young,4,
165,School,4,
166,Friends,4,
167,Programme,4,
168,Impact,4,
169,London,4,
170,Agriculture,4,
171,Solar,4,
172,Stichting,4,
173,Medio Ambiente,4,
174,Développement Durable,4,
175,Carbon Capture,4,
176,United States,4,
177,Renewable Energy,4,
178,Conference,3,
179,Chemical,3,
180,State,3,
181,Pacific,3,
182,Civil,3,
183,Española,3,
184,Industria,3,
185,Defensa,3,
186,Clima,3,
187,Naturaleza,3,
188,Central,3,
189,Engineering,3,
190,Greenhouse,3,
191,Bangladesh,3,
192,Affairs,3,
193,Biodiversity,3,
194,Cities,3,
195,Petroleum,3,
196,Electricity,3,
197,Nuclear,3,
198,org,3,
199,Finance,3,
200,Coopération,3,
201,Rights,3,
202,sur,3,
203,Sustentable,3,
204,Tropical,3,
205,Children,3,
206,per,3,
207,East,3,
208,Denmark,3,
209,Generation,3,
210,Strategies,3,
211,Colorado,3,
212,Indian,3,
213,Conseil,3,
214,Jeunesse,3,
215,Engineers,3,
216,Defense,3,
217,Federación,3,
218,Forestry,3,
219,Service,3,
220,Stiftung,3,
221,Empresa,3,
222,Farmers,3,
223,Korea,3,
224,Trade,3,
225,Advancement,3,
226,Medical,3,
227,Building,3,
228,League,3,
229,Climat,3,
230,Rockefeller,3,
231,Stockholm,3,
232,Texas,3,
233,Universidad,3,
234,Desarrollo Sostenible,3,
235,Pueblos Indígenas,3,
236,San Martín,3,
237,United Nations,3,
238,Technical,2,
239,EU,2,
240,Churches,2,
241,Solidarité,2,
242,India,2,
243,Antarctic,2,
244,Architecture,2,
245,Arizona,2,
246,Caribe,2,
247,Comercio,2,
248,Selva,2,
249,Asociacion,2,
250,Assembly,2,
251,First,2,
252,veloppement,2,
253,Terre,2,
254,Femmes,2,
255,Française,2,
256,Countries,2,
257,Advanced,2,
258,Barcelona,2,
259,Agency,2,
260,Beijing,2,
261,Welfare,2,
262,Spiritual,2,
263,Buddhist,2,
264,Team,2,
265,Servicios,2,
266,Producers,2,
267,Tracker,2,
268,Worldwide,2,
269,Solutions,2,
270,North,2,
271,Agronomique,2,
272,Scientifique,2,
273,Humboldt,2,
274,Estudio,2,
275,Internacional,2,
276,Ambiental,2,
277,dans,2,
278,House,2,
279,Investment,2,
280,Dialogue,2,
281,Low,2,
282,Chinese,2,
283,Foreign,2,
284,Aid,2,
285,Commission,2,
286,Corp,2,
287,GmbH,2,
288,Consortium,2,
289,Incorporated,2,
290,Comité,2,
291,France,2,
292,Catholique,2,
293,Enterprise,2,
294,Organizaciones,2,
295,Consejo,2,
296,Nacional,2,
297,Región,2,
298,Perú,2,
299,Basin,2,
300,Refiners,2,
301,Corporate,2,
302,David,2,
303,Entities,2,
304,Independent,2,
305,Alternatives,2,
306,Island,2,
307,Ecole,2,
308,Transition,2,
309,Netherlands,2,
310,Defence,2,
311,GTE,2,
312,Improvement,2,
313,Developpement,2,
314,Euro,2,
315,Mediterranean,2,
316,Evangelical,2,
317,Lutheran,2,
318,Fairtrade,2,
319,Indígena,2,
320,Ingénieurs,2,
321,Automobile,2,
322,Fondation,2,
323,Fondazione,2,
324,Fondo,2,
325,Promoción,2,
326,Areas,2,
327,Food,2,
328,Products,2,
329,Philanthropy,2,
330,Foro,2,
331,Vida,2,
332,Européen,2,
333,Entrepreneurship,2,
334,GAIA,2,
335,Mobility,2,
336,Friedrich,2,
337,Ecología,2,
338,Cultura,2,
339,Plan,2,
340,Wind,2,
341,Planet,2,
342,Promotion,2,
343,Swiss,2,
344,Governance,2,
345,Certification,2,
346,Amazonas,2,
347,Security,2,
348,Innovative,2,
349,Oil,2,
350,Economy,2,
351,Consumers,2,
352,Organic,2,
353,Applied,2,
354,Scientists,2,
355,IPIECA,2,
356,Relief,2,
357,Steel,2,
358,King,2,
359,Kyoto,2,
360,Response,2,
361,Population,2,
362,Maryknoll,2,
363,Brothers,2,
364,Borders,2,
365,Mercy,2,
366,Office,2,
367,Michigan,2,
368,Laboratory,2,
369,Strategy,2,
370,Munich,2,
371,York,2,
372,Observatoire,2,
373,énergie,2,
374,Entreprise,2,
375,Oxford,2,
376,Pennsylvania,2,
377,Charitable,2,
378,Marine,2,
379,U,2,
380,Purdue,2,
381,Réseau,2,
382,Minnesota,2,
383,Sierra,2,
384,Small,2,
385,Medium,2,
386,Wageningen,2,
387,Swedish,2,
388,Interfaith,2,
389,Third,2,
390,Trustees,2,
391,Mine,2,
392,Sussex,2,
393,Vermont,2,
394,Washington,2,
395,Engage,2,
396,Yale,2,
397,Tiers Monde,2,
398,CCS Knowledge,2,
399,British Columbia,2,
400,Recursos Naturales,2,
401,Sup rieure,2,
402,Cambio Climático,2,
403,Emissions Trading,2,
404,ACP,1,
405,Exploitation,1,
406,Meteorological,1,
407,Satellites,1,
408,investing,1,
409,SEED,1,
410,Sud,1,
411,Onlus,1,
412,Abibimman,1,
413,Environics,1,
414,ACT,1,
415,Action,1,
416,Together,1,
417,Planéterre,1,
418,Monde,1,
419,ActionAid,1,
420,Adelphi,1,
421,Advocates,1,
422,Orientation,1,
423,Agriconsulting,1,
424,p,1,
425,Waste,1,
426,Save,1,
427,Anthropological,1,
428,Labor,1,
429,Congress,1,
430,Beirut,1,
431,Amnesty,1,
432,Socio,1,
433,Asheville,1,
434,Buncombe,1,
435,Pact,1,
436,AK,1,
437,Tenamit,1,
438,Ambientalista,1,
439,SUSTENTA,1,
440,Sociedad,1,
441,Oikos,1,
442,Cluster,1,
443,Euskadi,1,
444,Latinoamericana,1,
445,Pequeños,1,
446,Productores,1,
447,Justo,1,
448,Cubana,1,
449,Producción,1,
450,Animal,1,
451,Eléctrica,1,
452,Interamericana,1,
453,Interétnica,1,
454,Peruana,1,
455,Ruta,1,
456,Investigación,1,
457,Integral,1,
458,Proteger,1,
459,Petróleo,1,
460,Latinoamérica,1,
461,Assemblée,1,
462,Nations,1,
463,Vitales,1,
464,Durable,1,
465,KIC,1,
466,Distributeurs,1,
467,Conditionneurs,1,
468,Récupérateurs,1,
469,Retraiteurs,1,
470,Réfrigérants,1,
471,Enseignants,1,
472,Vie,1,
473,Peules,1,
474,Peuples,1,
475,Autochtones,1,
476,Tchad,1,
477,Environnementalistes,1,
478,un,1,
479,Intégré,1,
480,Gharb,1,
481,Bladi,1,
482,Tourisme,1,
483,Marocaine,1,
484,Aires,1,
485,Geographers,1,
486,Territories,1,
487,Ateneo,1,
488,Manila,1,
489,atmosfair,1,
490,Basel,1,
491,Basque,1,
492,Greenovation,1,
493,Hub,1,
494,Bellona,1,
495,BHP,1,
496,Billiton,1,
497,SaskPower,1,
498,Biovision,1,
499,BirdLife,1,
500,Boston,1,
501,ENDS,1,
502,Boticário,1,
503,Brahma,1,
504,Kumaris,1,
505,Tree,1,
506,Bread,1,
507,Brighter,1,
508,Columbia,1,
509,Brown,1,
510,Watson,1,
511,Tzu,1,
512,Chi,1,
513,Performance,1,
514,Responsibility,1,
515,Unity,1,
516,BusinessEurope,1,
517,C40,1,
518,Ca,1,
519,Foscari,1,
520,Venice,1,
521,Cámara,1,
522,Oficial,1,
523,Navegación,1,
524,España,1,
525,Foodgrains,1,
526,Bank,1,
527,Hydrogen,1,
528,Fuel,1,
529,Cell,1,
530,Emission,1,
531,Reduction,1,
532,Control,1,
533,CarbonCare,1,
534,InnoLab,1,
535,Carbonfund,1,
536,Creation,1,
537,Caritas,1,
538,Internationalis,1,
539,Carnegie,1,
540,Ethics,1,
541,Carre,1,
542,Geo,1,
543,Germany,1,
544,CDP,1,
545,CEE,1,
546,Bankwatch,1,
547,Biological,1,
548,Diversity,1,
549,Removal,1,
550,Strategic,1,
551,Participatory,1,
552,Support,1,
553,Tensift,1,
554,21st,1,
555,Century,1,
556,Issues,1,
557,Human,1,
558,Hélios,1,
559,droit,1,
560,Comparé,1,
561,Alexander,1,
562,von,1,
563,Planificación,1,
564,Transporte,1,
565,México,1,
566,Agricultura,1,
567,Mexicano,1,
568,Ceres,1,
569,Chant,1,
570,Guépard,1,
571,Désert,1,
572,Chatham,1,
573,Friendship,1,
574,CHIRAPAQ,1,
575,Ind,1,
576,genas,1,
577,Auxiliary,1,
578,Saving,1,
579,Atmosphere,1,
580,Civic,1,
581,Civicus,1,
582,Participation,1,
583,Clark,1,
584,Safe,1,
585,ClientEarth,1,
586,Latin,1,
587,Reserve,1,
588,Advisers,1,
589,Klima,1,
590,Bündnis,1,
591,Austria,1,
592,Italy,1,
593,Analytics,1,
594,Nigeria,1,
595,Chance,1,
596,Equity,1,
597,Reference,1,
598,Will,1,
599,Steger,1,
600,Legacy,1,
601,Program,1,
602,Outreach,1,
603,Parliament,1,
604,ClimateNet,1,
605,Climatepolicy,1,
606,net,1,
607,ClimateWorks,1,
608,CO2GeoNet,1,
609,Excellence,1,
610,Geological,1,
611,CO2,1,
612,Capital,1,
613,Transformation,1,
614,Benedict,1,
615,Atlantic,1,
616,contre,1,
617,Faim,1,
618,solidaire,1,
619,Constructive,1,
620,Tomorrow,1,
621,Compassion,1,
622,Farming,1,
623,Competitive,1,
624,Confederación,1,
625,Empresariales,1,
626,Confédération,1,
627,Paysanne,1,
628,Conférence,1,
629,Périphériques,1,
630,Maritimes,1,
631,Communauté,1,
632,Belgique,1,
633,Communes,1,
634,Empresario,1,
635,Argentino,1,
636,Ética,1,
637,Pública,1,
638,amélioration,1,
639,urbains,1,
640,périurbains,1,
641,San,1,
642,Agricutores,1,
643,Ganaderos,1,
644,Papa,1,
645,Coordinating,1,
646,Body,1,
647,Corn,1,
648,Cornell,1,
649,Corporación,1,
650,Fiscalía,1,
651,Accountability,1,
652,Observatory,1,
653,CropLife,1,
654,CUTS,1,
655,Consulting,1,
656,Dartmouth,1,
657,Lucile,1,
658,Packard,1,
659,Suzuki,1,
660,Deep,1,
661,Delta,1,
662,Electronics,1,
663,Naturales,1,
664,DesertNet,1,
665,Designated,1,
666,Operational,1,
667,Deutsche,1,
668,Gesellschaft,1,
669,für,1,
670,Zusammenarbeit,1,
671,Dharma,1,
672,Drum,1,
673,Diakonia,1,
674,Dickinson,1,
675,Domestic,1,
676,Missionary,1,
677,Protestant,1,
678,Episcopal,1,
679,USA,1,
680,Dominicans,1,
681,Drexel,1,
682,DRIS,1,
683,Duke,1,
684,Child,1,
685,Day,1,
686,Earthjustice,1,
687,Earthworks,1,
688,Eberswalde,1,
689,EcoArts,1,
690,Connections,1,
691,EcoClub,1,
692,Nationale,1,
693,Paris,1,
694,Normale,1,
695,Ecolo,1,
696,Info,1,
697,Ecologic,1,
698,Ecologica,1,
699,Fellowship,1,
700,Northeast,1,
701,Ecumenical,1,
702,Advocacy,1,
703,Edison,1,
704,Emory,1,
705,Energies,1,
706,Intelligence,1,
707,Unit,1,
708,Energypedia,1,
709,UG,1,
710,Study,1,
711,Livelihood,1,
712,Bwaise,1,
713,Facility,1,
714,Quality,1,
715,Equiterre,1,
716,ETC,1,
717,Erosion,1,
718,Concentration,1,
719,Chambres,1,
720,Economists,1,
721,Led,1,
722,Round,1,
723,Table,1,
724,Industrialists,1,
725,Evagelical,1,
726,Fachhochschule,1,
727,Muenster,1,
728,Labelling,1,
729,Fauna,1,
730,Flora,1,
731,Feasta,1,
732,Kechwas,1,
733,Nativa,1,
734,Río,1,
735,Madre,1,
736,Dios,1,
737,Afluentes,1,
738,Shawi,1,
739,Fédération,1,
740,Companies,1,
741,Industries,1,
742,FERN,1,
743,Fia,1,
744,BNP,1,
745,Paribas,1,
746,Mohammed,1,
747,VI,1,
748,Studi,1,
749,Enel,1,
750,Protegidas,1,
751,Ford,1,
752,Stewardship,1,
753,Trends,1,
754,Ciudades,1,
755,Soria,1,
756,Atomique,1,
757,Reforms,1,
758,FORUMCC,1,
759,Promoting,1,
760,Personal,1,
761,Myclimate,1,
762,Franciscans,1,
763,Frankfurt,1,
764,Freie,1,
765,Universität,1,
766,Berlin,1,
767,Fresh,1,
768,Schiller,1,
769,Jena,1,
770,Ebert,1,
771,Consultation,1,
772,Fundação,1,
773,Getúlio,1,
774,Vargas,1,
775,Amigos,1,
776,Avina,1,
777,Cayetano,1,
778,Heredia,1,
779,Iniciativas,1,
780,Cambio,1,
781,Defensores,1,
782,Despacio,1,
783,Ecuatoriana,1,
784,Ecológicos,1,
785,EcoCiencia,1,
786,Centroamericano,1,
787,Mujeres,1,
788,Futuro,1,
789,Latinoamericano,1,
790,Fundacion,1,
791,MarViva,1,
792,Nueva,1,
793,Agua,1,
794,Ecodesarrollo,1,
795,Conservación,1,
796,Conocimiento,1,
797,PLENITUD,1,
798,Privada,1,
799,Red,1,
800,Colombiana,1,
801,Humanos,1,
802,Paz,1,
803,TierraVida,1,
804,Gana,1,
805,Unnayan,1,
806,Kendra,1,
807,GenderCC,1,
808,Georgetown,1,
809,Germanwatch,1,
810,Gherush92,1,
811,Alert,1,
812,Less,1,
813,Privileged,1,
814,Incinerator,1,
815,Philippines,1,
816,Canopy,1,
817,Ecovillage,1,
818,Internet,1,
819,Feedback,1,
820,Footprint,1,
821,Verts,1,
822,Mondiaux,1,
823,Progress,1,
824,Kids,1,
825,Legislators,1,
826,Balanced,1,
827,Marshall,1,
828,Voices,1,
829,Governors,1,
830,Grassroots,1,
831,Course,1,
832,Zhejiang,1,
833,Greener,1,
834,GreenFacts,1,
835,ASBL,1,
836,Greenpeace,1,
837,Greenriver,1,
838,Sichuan,1,
839,Griffith,1,
840,Griha,1,
841,Groupe,1,
842,Études,1,
843,les,1,
844,Renouvelables,1,
845,Guangzhou,1,
846,County,1,
847,Yuexiu,1,
848,District,1,
849,Habitat,1,
850,Harvard,1,
851,Hashoo,1,
852,HATOF,1,
853,HCS,1,
854,Without,1,
855,Harm,1,
856,Mother,1,
857,HEDA,1,
858,Heinrich,1,
859,ll,1,
860,Helmholtz,1,
861,Geesthacht,1,
862,Materials,1,
863,Helvetas,1,
864,Intercooperation,1,
865,Hong,1,
866,Kong,1,
867,Huairou,1,
868,Homes,1,
869,Aotearoa,1,
870,Zealand,1,
871,Humane,1,
872,Viadrina,1,
873,Platform,1,
874,I4CE,1,
875,ICLEI,1,
876,Local,1,
877,Governments,1,
878,Imperial,1,
879,Indiana,1,
880,Indigo,1,
881,IndustriALL,1,
882,Frontières,1,
883,Bleues,1,
884,Relations,1,
885,Economie,1,
886,Fonctionnalité,1,
887,Polytechnique,1,
888,Grenoble,1,
889,Veolia,1,
890,iCSC,1,
891,Institutional,1,
892,Investors,1,
893,Antropología,1,
894,Acción,1,
895,Ethos,1,
896,Responsabilidade,1,
897,Attitude,1,
898,Torcuato,1,
899,Di,1,
900,Tella,1,
901,Intelligentsia,1,
902,Interchurch,1,
903,InterEnvironment,1,
904,Accreditation,1,
905,Actuarial,1,
906,Tribal,1,
907,Approaches,1,
908,Challenges,1,
909,Copper,1,
910,Cryosphere,1,
911,Dairy,1,
912,Communication,1,
913,Liberal,1,
914,Fertilizer,1,
915,Globalization,1,
916,Hydropower,1,
917,Treaty,1,
918,Systems,1,
919,Analysis,1,
920,Standardization,1,
921,Employers,1,
922,Peatland,1,
923,Biometeorology,1,
924,Architects,1,
925,Railways,1,
926,Work,1,
927,Lawyers,1,
928,Inuit,1,
929,Circumpolar,1,
930,Islamic,1,
931,Israel,1,
932,Italian,1,
933,Ithaca,1,
934,iuventum,1,
935,Janvikas,1,
936,Atomic,1,
937,Manufacturers,1,
938,Bar,1,
939,Iron,1,
940,Jeunes,1,
941,Volontaires,1,
942,Étudiante,1,
943,Jubilee,1,
944,Kadikoyu,1,
945,Culture,1,
946,Art,1,
947,Kansai,1,
948,Karnali,1,
949,Integrated,1,
950,Keidanren,1,
951,Keio,1,
952,Kejibaus,1,
953,Keren,1,
954,Kayemet,1,
955,LeIsrael,1,
956,Jewish,1,
957,KfW,1,
958,Khazer,1,
959,Cultural,1,
960,Kiko,1,
961,KinderEnergy,1,
962,Abdullah,1,
963,Konrad,1,
964,Adenauer,1,
965,Korean,1,
966,Krasnoyarsk,1,
967,Siberian,1,
968,LAYA,1,
969,Leaders,1,
970,Voters,1,
971,Legal,1,
972,Legambiente,1,
973,Libélula,1,
974,Libyan,1,
975,LINGO,1,
976,Lombardy,1,
977,Lombardia,1,
978,Political,1,
979,Lund,1,
980,Margaret,1,
981,Pyke,1,
982,Marmara,1,
983,Fathers,1,
984,Sisters,1,
985,Dominic,1,
986,Massachusetts,1,
987,Max,1,
988,Planck,1,
989,McGill,1,
990,Mediators,1,
991,Beyond,1,
992,Protected,1,
993,Meridian,1,
994,Met,1,
995,Hadley,1,
996,Michael,1,
997,Succow,1,
998,Technological,1,
999,Midwest,1,
1000,Renewable,1,
1001,MISEREOR,1,
1002,Bishops,1,
1003,Mom,1,
1004,Loves,1,
1005,Monash,1,
1006,Moravian,1,
1007,Glacier,1,
1008,Mouvement,1,
1009,T,1,
1010,Quart,1,
1011,Movimiento,1,
1012,Ciudadano,1,
1013,frente,1,
1014,al,1,
1015,Insurance,1,
1016,Re,1,
1017,Shelter,1,
1018,Colored,1,
1019,Concentrating,1,
1020,Cooperative,1,
1021,Baha,1,
1022,Äôis,1,
1023,Singapore,1,
1024,Achievement,1,
1025,Award,1,
1026,Native,1,
1027,Naturefriends,1,
1028,Near,1,
1029,Neighbour,1,
1030,Neongreen,1,
1031,Nationalities,1,
1032,Integration,1,
1033,Venture,1,
1034,NFD,1,
1035,Ecoaction,1,
1036,Status,1,
1037,NY,1,
1038,Ukrainian,1,
1039,Wave,1,
1040,Nigerian,1,
1041,Non,1,
1042,Timber,1,
1043,Nordic,1,
1044,Folkecenter,1,
1045,Northeastern,1,
1046,Refugee,1,
1047,Nurses,1,
1048,Across,1,
1049,méditerranéen,1,
1050,Monuments,1,
1051,Historiques,1,
1052,Tanger,1,
1053,Oceana,1,
1054,Viande,1,
1055,One,1,
1056,Sky,1,
1057,Living,1,
1058,ONG,1,
1059,Page,1,
1060,Verte,1,
1061,OpenTeam,1,
1062,Laics,1,
1063,Sacré,1,
1064,Coeur,1,
1065,Kimbondo,1,
1066,Respect,1,
1067,Poverty,1,
1068,Alleviation,1,
1069,Oro,1,
1070,Verde,1,
1071,OSC,1,
1072,Proyecto,1,
1073,Musas,1,
1074,Ouranos,1,
1075,OXFAM,1,
1076,P3,1,
1077,PAIRVI,1,
1078,Associates,1,
1079,Pan,1,
1080,ParisTech,1,
1081,ParlAmericas,1,
1082,Partenariat,1,
1083,Fran,1,
1084,ßais,1,
1085,ÄôEau,1,
1086,Observation,1,
1087,Parvati,1,
1088,Boat,1,
1089,Disaster,1,
1090,Volunteer,1,
1091,Pembina,1,
1092,Appropriate,1,
1093,Need,1,
1094,GWRG,1,
1095,Perspectives,1,
1096,Pew,1,
1097,Planète,1,
1098,Amazone,1,
1099,Plant,1,
1100,Plateforme,1,
1101,Océan,1,
1102,Plymouth,1,
1103,Point,1,
1104,Blue,1,
1105,Polish,1,
1106,Pompeu,1,
1107,Fabra,1,
1108,Potsdam,1,
1109,Practical,1,
1110,Prakriti,1,
1111,Presbyterian,1,
1112,PRI,1,
1113,Pro,1,
1114,Natura,1,
1115,Endorsement,1,
1116,Schemes,1,
1117,PEFC,1,
1118,Developer,1,
1119,Pronatura,1,
1120,ProVeg,1,
1121,Deutschland,1,
1122,PUSH,1,
1123,Sweden,1,
1124,R20,1,
1125,Regions,1,
1126,Norway,1,
1127,Rare,1,
1128,Real,1,
1129,Elcano,1,
1130,Reevaluation,1,
1131,Regeneration,1,
1132,Medicine,1,
1133,Regions4,1,
1134,Remote,1,
1135,Sensing,1,
1136,Efficiency,1,
1137,Grid,1,
1138,Renmin,1,
1139,REScoop,1,
1140,vzw,1,
1141,Eco,1,
1142,Shanxi,1,
1143,Français,1,
1144,Etudiants,1,
1145,Responding,1,
1146,Reusa,1,
1147,Misión,1,
1148,Planeta,1,
1149,Rio,1,
1150,Janeiro,1,
1151,Rock,1,
1152,Advisors,1,
1153,Rocky,1,
1154,Rosa,1,
1155,Luxemburg,1,
1156,Gesellschaftsanalye,1,
1157,und,1,
1158,politische,1,
1159,Bildung,1,
1160,Sabanci,1,
1161,Francis,1,
1162,Xavier,1,
1163,John,1,
1164,Sasakawa,1,
1165,Sauvons,1,
1166,Museum,1,
1167,Scientific,1,
1168,SDSN,1,
1169,Seas,1,
1170,Risk,1,
1171,SeaTrust,1,
1172,Seoul,1,
1173,Sequoia,1,
1174,Comunicación,1,
1175,Intercultural,1,
1176,Shan,1,
1177,Shui,1,
1178,Shandong,1,
1179,Shinji,1,
1180,Shumeikai,1,
1181,SILVA,1,
1182,Arbres,1,
1183,Forêts,1,
1184,Sociétes,1,
1185,Sjoham,1,
1186,Baabaji,1,
1187,Mission,1,
1188,Slow,1,
1189,Scale,1,
1190,Fundamentals,1,
1191,SNV,1,
1192,SOAS,1,
1193,Sociedade,1,
1194,Pesquisa,1,
1195,em,1,
1196,Salvagem,1,
1197,Educacao,1,
1198,Società,1,
1199,Italiana,1,
1200,Scienze,1,
1201,Empowerment,1,
1202,Threatened,1,
1203,Missionaries,1,
1204,Entrepreneurs,1,
1205,Cookers,1,
1206,Impulse,1,
1207,Land,1,
1208,Assets,1,
1209,SouthSouthNorth,1,
1210,Stand,1,
1211,Hivos,1,
1212,Humanistisch,1,
1213,Instituut,1,
1214,voor,1,
1215,Ontwikkelingssamenwerk,1,
1216,ing,1,
1217,SLoCaT,1,
1218,Mercator,1,
1219,Stop,1,
1220,Chaos,1,
1221,Scotland,1,
1222,Harvest,1,
1223,SustainableEnergy,1,
1224,SustainUS,1,
1225,Swarthmore,1,
1226,Swisscontact,1,
1227,Utilization,1,
1228,TakingITGlobal,1,
1229,Tamaynut,1,
1230,TaxCOOP,1,
1231,Tearfund,1,
1232,Tebtebba,1,
1233,Rehabilitation,1,
1234,Telecommunication,1,
1235,Headquarters,1,
1236,Reality,1,
1237,Registry,1,
1238,Corner,1,
1239,Family,1,
1240,Planning,1,
1241,Connected,1,
1242,HUMANA,1,
1243,Gold,1,
1244,Standard,1,
1245,Assessment,1,
1246,Kenya,1,
1247,Working,1,
1248,Conservancy,1,
1249,Rockies,1,
1250,Stanley,1,
1251,Manchester,1,
1252,Sheffield,1,
1253,Vernadsky,1,
1254,Nongovernmental,1,
1255,Woods,1,
1256,Hole,1,
1257,Environmentalism,1,
1258,Tianda,1,
1259,Transparency,1,
1260,Tufts,1,
1261,Tsinghua,1,
1262,Turkish,1,
1263,UNEP,1,
1264,UNICA,1,
1265,Sugarcane,1,
1266,Unidad,1,
1267,Asociaciones,1,
1268,Ingenieros,1,
1269,Unión,1,
1270,Industriales,1,
1271,Saneamiento,1,
1272,Cuencas,1,
1273,Matanza,1,
1274,Riachuelo,1,
1275,Reconquista,1,
1276,Concerned,1,
1277,Unitarian,1,
1278,Universalist,1,
1279,Kingdom,1,
1280,Methodist,1,
1281,General,1,
1282,Board,1,
1283,Workers,1,
1284,las,1,
1285,Islas,1,
1286,Baleares,1,
1287,Politécnica,1,
1288,Cataluña,1,
1289,Cadi,1,
1290,Ayyad,1,
1291,Marrakech,1,
1292,Brest,1,
1293,Liège,1,
1294,Montréal,1,
1295,Sherbrooke,1,
1296,Laval,1,
1297,Libre,1,
1298,Bruxelles,1,
1299,Corporation,1,
1300,Atmospheric,1,
1301,Luigi,1,
1302,Bocconi,1,
1303,Zurich,1,
1304,Adelaide,1,
1305,Antwerp,1,
1306,Cologne,1,
1307,Calgary,1,
1308,California,1,
1309,Cambridge,1,
1310,Cape,1,
1311,Town,1,
1312,Boulder,1,
1313,Connecticut,1,
1314,Copenhagen,1,
1315,Anglia,1,
1316,Eastern,1,
1317,Finland,1,
1318,Edinburgh,1,
1319,Exeter,1,
1320,Freiburg,1,
1321,Genoa,1,
1322,Hamburg,1,
1323,Hawaii,1,
1324,Heidelberg,1,
1325,Helsinki,1,
1326,Illinois,1,
1327,Leeds,1,
1328,Linköping,1,
1329,Maryland,1,
1330,Melbourne,1,
1331,Nijmegen,1,
1332,Carolina,1,
1333,Oslo,1,
1334,Reading,1,
1335,St,1,
1336,Gallen,1,
1337,Malaysia,1,
1338,Austin,1,
1339,Tokyo,1,
1340,Toronto,1,
1341,Waterloo,1,
1342,Uppsala,1,
1343,urgewald,1,
1344,Vanderbilt,1,
1345,Vasudha,1,
1346,Verra,1,
1347,Victoria,1,
1348,Wellington,1,
1349,Vikalp,1,
1350,Viracao,1,
1351,Educommunication,1,
1352,Virginia,1,
1353,Polytechnic,1,
1354,Vitae,1,
1355,Civilis,1,
1356,Vivre,1,
1357,Ville,1,
1358,Safety,1,
1359,Welthungerhilfe,1,
1360,Wetlands,1,
1361,Widener,1,
1362,WindEurope,1,
1363,Windward,1,
1364,Winrock,1,
1365,Common,1,
1366,Organizing,1,
1367,Caucus,1,
1368,Freedom,1,
1369,Men,1,
1370,Bioenergy,1,
1371,Coal,1,
1372,Religions,1,
1373,Scout,1,
1374,Worldwatch,1,
1375,Wuppertal,1,
1376,WWF,1,
1377,Specialists,1,
1378,Zhenjiang,1,
1379,Sanshan,1,
1380,ZOI,1,
