name,entity_type
Afghanistan,Parties
Albania,Parties
Algeria,Parties
Andorra,Parties
Angola,Parties
Antigua and Barbuda,Parties
Argentina,Parties
Armenia,Parties
Australia,Parties
Austria,Parties
Azerbaijan,Parties
Bahamas,Parties
Bahrain,Parties
Bangladesh,Parties
Barbados,Parties
Belarus,Parties
Belgium,Parties
Belize,Parties
Benin,Parties
Bhutan,Parties
Bolivia (Plurinational State of),Parties
Bosnia and Herzegovina,Parties
Botswana,Parties
Brazil,Parties
Brunei Darussalam,Parties
Bulgaria,Parties
Burkina Faso,Parties
Burundi,Parties
Cabo Verde,Parties
Cambodia,Parties
Cameroon,Parties
Canada,Parties
Central African Republic,Parties
Chad,Parties
Chile,Parties
China,Parties
Colombia,Parties
Comoros,Parties
Congo,Parties
Cook Islands,Parties
Costa Rica,Parties
Côte d'Ivoire,Parties
Croatia,Parties
Cuba,Parties
Cyprus,Parties
Czechia,Parties
Democratic People's Republic of Korea,Parties
Democratic Republic of the Congo,Parties
Denmark,Parties
Djibouti,Parties
Dominica,Parties
Dominican Republic,Parties
Ecuador,Parties
Egypt,Parties
El Salvador,Parties
Equatorial Guinea,Parties
Estonia,Parties
Ethiopia,Parties
European Union,Parties
Fiji,Parties
Finland,Parties
France,Parties
Gabon,Parties
Gambia,Parties
Georgia,Parties
Germany,Parties
Ghana,Parties
Greece,Parties
Grenada,Parties
Guatemala,Parties
Guinea,Parties
Guinea-Bissau,Parties
Guyana,Parties
Haiti,Parties
Honduras,Parties
Hungary,Parties
Iceland,Parties
India,Parties
Indonesia,Parties
Iran (Islamic Republic of),Parties
Iraq,Parties
Ireland,Parties
Israel,Parties
Italy,Parties
Jamaica,Parties
Japan,Parties
Jordan,Parties
Kazakhstan,Parties
Kenya,Parties
Kiribati,Parties
Kuwait,Parties
Kyrgyzstan,Parties
Lao People's Democratic Republic,Parties
Latvia,Parties
Lebanon,Parties
Lesotho,Parties
Liberia,Parties
Libya,Parties
Liechtenstein,Parties
Lithuania,Parties
Luxembourg,Parties
Madagascar,Parties
Malawi,Parties
Malaysia,Parties
Maldives,Parties
Mali,Parties
Malta,Parties
Marshall Islands,Parties
Mauritania,Parties
Mauritius,Parties
Mexico,Parties
Micronesia (Federated States of),Parties
Monaco,Parties
Mongolia,Parties
Montenegro,Parties
Morocco,Parties
Mozambique,Parties
Myanmar,Parties
Namibia,Parties
Nauru,Parties
Nepal,Parties
Netherlands,Parties
New Zealand,Parties
Nicaragua,Parties
Niger,Parties
Nigeria,Parties
Niue,Parties
Norway,Parties
Oman,Parties
Pakistan,Parties
Palau,Parties
Panama,Parties
Papua New Guinea,Parties
Paraguay,Parties
Peru,Parties
Philippines,Parties
Poland,Parties
Portugal,Parties
Qatar,Parties
Republic of Korea,Parties
Republic of Moldova,Parties
Romania,Parties
Russian Federation,Parties
Rwanda,Parties
Saint Kitts and Nevis,Parties
Saint Lucia,Parties
Saint Vincent and the Grenadines,Parties
Samoa,Parties
Sao Tome and Principe,Parties
Saudi Arabia,Parties
Senegal,Parties
Serbia,Parties
Seychelles,Parties
Sierra Leone,Parties
Singapore,Parties
Slovakia,Parties
Slovenia,Parties
Solomon Islands,Parties
Somalia,Parties
South Africa,Parties
South Sudan,Parties
Spain,Parties
Sri Lanka,Parties
State of Palestine,Parties
Sudan,Parties
Suriname,Parties
Swaziland,Parties
Sweden,Parties
Switzerland,Parties
Syrian Arab Republic,Parties
Tajikistan,Parties
Thailand,Parties
The former Yugoslav Republic of Macedonia,Parties
Timor-Leste,Parties
Togo,Parties
Tonga,Parties
Tunisia,Parties
Turkey,Parties
Turkmenistan,Parties
Tuvalu,Parties
Uganda,Parties
Ukraine,Parties
United Arab Emirates,Parties
United Kingdom of Great Britain and Northern Ireland,Parties
United Republic of Tanzania,Parties
United States of America,Parties
Uruguay,Parties
Uzbekistan,Parties
Vanuatu,Parties
Venezuela (Bolivarian Republic of),Parties
Viet Nam,Parties
Yemen,Parties
Zambia,Parties
Zimbabwe,Parties
Holy See,Observer States
United Nations Secretariat,United Nations Secretariat units and bodies
Convention on the Conservation of Migratory Species of Wild Animals,United Nations Secretariat units and bodies
Department of Economic and Social Affairs,United Nations Secretariat units and bodies
Economic and Social Commission for Asia and the Pacific,United Nations Secretariat units and bodies
Economic and Social Commission for Western Asia,United Nations Secretariat units and bodies
Economic Commission for Africa,United Nations Secretariat units and bodies
Intergovernmental Platform on Biodiversity and Ecosystem Services,United Nations Secretariat units and bodies
"Office of the High Representative for the Least Developed Countries, Landlocked Developing Countries and Small Island Developing States",United Nations Secretariat units and bodies
Office of the United Nations High Commissioner for Human Rights,United Nations Secretariat units and bodies
Office of the United Nations High Commissioner for Refugees,United Nations Secretariat units and bodies
Secretariat of the Convention on Biological Diversity,United Nations Secretariat units and bodies
Secretariat of the United Nations Convention to Combat Desertification,United Nations Secretariat units and bodies
UN Global Compact,United Nations Secretariat units and bodies
UNEP/AEWA Secretariat,United Nations Secretariat units and bodies
UNEP/EUROBATS,United Nations Secretariat units and bodies
United Nations Capital Development Fund,United Nations Secretariat units and bodies
United Nations Children's Fund,United Nations Secretariat units and bodies
United Nations Conference on Trade and Development,United Nations Secretariat units and bodies
United Nations Department of Public Information,United Nations Secretariat units and bodies
United Nations Development Programme,United Nations Secretariat units and bodies
United Nations Economic Commission for Europe,United Nations Secretariat units and bodies
United Nations Economic Commission for Latin America and the Caribbean,United Nations Secretariat units and bodies
United Nations Entity for Gender Equality and the Empowerment of Women,United Nations Secretariat units and bodies
United Nations Environment Programme,United Nations Secretariat units and bodies
United Nations Human Settlements Programme,United Nations Secretariat units and bodies
United Nations Institute for Training and Research,United Nations Secretariat units and bodies
United Nations Joint Inspection Unit,United Nations Secretariat units and bodies
United Nations Office for Disaster Risk Reduction,United Nations Secretariat units and bodies
United Nations Office for Outer Space Affairs,United Nations Secretariat units and bodies
United Nations Office for Project Services,United Nations Secretariat units and bodies
United Nations Regional Information Centre,United Nations Secretariat units and bodies
United Nations System Staff College,United Nations Secretariat units and bodies
United Nations University - Institute for Environment and Human Security,United Nations Secretariat units and bodies
United Nations Volunteers,United Nations Secretariat units and bodies
World Food Programme,United Nations Secretariat units and bodies
Comprehensive Nuclear-Test-Ban Treaty Organization,Specialized agencies and related organizations
Food and Agriculture Organization of the United Nations,Specialized agencies and related organizations
Global Environment Facility,Specialized agencies and related organizations
Green Climate Fund,Specialized agencies and related organizations
Intergovernmental Oceanographic Commission,Specialized agencies and related organizations
International Atomic Energy Agency,Specialized agencies and related organizations
International Civil Aviation Organization,Specialized agencies and related organizations
International Fund for Agricultural Development,Specialized agencies and related organizations
International Labour Organization,Specialized agencies and related organizations
International Maritime Organization,Specialized agencies and related organizations
International Monetary Fund,Specialized agencies and related organizations
International Organization for Migration,Specialized agencies and related organizations
International Telecommunication Union,Specialized agencies and related organizations
"United Nations Educational, Scientific and Cultural Organization",Specialized agencies and related organizations
United Nations Industrial Development Organization,Specialized agencies and related organizations
WMO/UNEP Intergovernmental Panel on Climate Change,Specialized agencies and related organizations
World Bank,Specialized agencies and related organizations
World Health Organization,Specialized agencies and related organizations
World Intellectual Property Organization,Specialized agencies and related organizations
World Meteorological Organization,Specialized agencies and related organizations
World Trade Organization,Specialized agencies and related organizations
Adaptation Fund Board,Intergovernmental organizations
African Centre of Meteorological Application for Development,Intergovernmental organizations
African Development Bank Group,Intergovernmental organizations
African Union Commission,Intergovernmental organizations
"African, Caribbean and Pacific Group of States",Intergovernmental organizations
Amazon Cooperation Treaty Organization,Intergovernmental organizations
Asian Development Bank,Intergovernmental organizations
Black Sea Trade and Development Bank,Intergovernmental organizations
CAB International,Intergovernmental organizations
Caribbean Community Climate Change Centre,Intergovernmental organizations
Caribbean Community Secretariat,Intergovernmental organizations
Caribbean Development Bank,Intergovernmental organizations
Center for International Forestry Research,Intergovernmental organizations
Centro del Agua del Trópico Húmedo para América Latina y el Caribe,Intergovernmental organizations
CGIAR System,Intergovernmental organizations
Comité permanent inter-états de lutte contre la sécheresse au Sahel,Intergovernmental organizations
Commonwealth Secretariat,Intergovernmental organizations
Convention on Wetlands of International Importance especially as Waterfowl Habitat,Intergovernmental organizations
Cooperation Council for The Arab States of the Gulf,Intergovernmental organizations
Corporación Andina de Fomento,Intergovernmental organizations
Council of Europe,Intergovernmental organizations
East African Community,Intergovernmental organizations
Economic Community of Central Africa States,Intergovernmental organizations
Economic Community of West African States,Intergovernmental organizations
ECOWAS Regional Centre for Renewable Energy and Energy Efficiency,Intergovernmental organizations
Energy Charter Conference,Intergovernmental organizations
European Bank for Reconstruction and Development,Intergovernmental organizations
European Forest Institute,Intergovernmental organizations
European Investment Bank,Intergovernmental organizations
European Patent Office,Intergovernmental organizations
European Space Agency,Intergovernmental organizations
European University Institute,Intergovernmental organizations
Global Green Growth Institute,Intergovernmental organizations
IGAD Climate Prediction and Applications Centre,Intergovernmental organizations
Institut International du Froid,Intergovernmental organizations
Inter-American Development Bank,Intergovernmental organizations
Inter-American Institute for Global Change Research,Intergovernmental organizations
International Centre for Integrated Mountain Development,Intergovernmental organizations
International Centre for Research in Agroforestry,Intergovernmental organizations
International Energy Agency,Intergovernmental organizations
International Federation of Red Cross and Red Crescent Societies,Intergovernmental organizations
International Network for Bamboo and Rattan,Intergovernmental organizations
International Potato Center,Intergovernmental organizations
International Renewable Energy Agency,Intergovernmental organizations
"International Transport Forum, Organisation for Economic Co-operation and Development",Intergovernmental organizations
International Tropical Timber Organization,Intergovernmental organizations
International Union for Conservation of Nature,Intergovernmental organizations
International Water Management Institute,Intergovernmental organizations
Islamic Development Bank,Intergovernmental organizations
ITER International Fusion Energy Organization,Intergovernmental organizations
League of Arab States,Intergovernmental organizations
Nordic Council,Intergovernmental organizations
Nordic Council of Ministers,Intergovernmental organizations
Nordic Development Fund,Intergovernmental organizations
Nordic Environment Finance Corporation,Intergovernmental organizations
Nordic Investment Bank,Intergovernmental organizations
Observatoire du Sahara et du Sahel,Intergovernmental organizations
OPEC Fund for International Development,Intergovernmental organizations
Organisation for Economic Co-operation and Development,Intergovernmental organizations
Organisation Internationale de la Francophonie,Intergovernmental organizations
Organization of Arab Petroleum Exporting Countries,Intergovernmental organizations
Organization of the Petroleum Exporting Countries,Intergovernmental organizations
Pacific Islands Forum Secretariat,Intergovernmental organizations
Parliamentary Assembly of the Mediterranean,Intergovernmental organizations
Permanent Court of Arbitration,Intergovernmental organizations
Permanent Secretariat of the Alpine Convention,Intergovernmental organizations
Secrétariat général de l'union du Maghreb Arabe,Intergovernmental organizations
Secretariat of the Pacific Community,Intergovernmental organizations
Secretariat of the Union for the Mediterranean,Intergovernmental organizations
South Asia Co-operative Environment Programme,Intergovernmental organizations
South Centre,Intergovernmental organizations
Technical Centre for Agricultural and Rural Cooperation EU-ACP,Intergovernmental organizations
The Regional Organization for the Conservation of the Environment of the Red Sea and Gulf of Aden,Intergovernmental organizations
Union Economique et Monétaire Ouest Africaine,Intergovernmental organizations
University for Peace,Intergovernmental organizations
A SEED Europe,Non-governmental organizations
Abibimman Foundation,Non-governmental organizations
Academy for Mountain Environics,Non-governmental organizations
ACT Alliance - Action by Churches Together,Non-governmental organizations
Action Against Hunger,Non-governmental organizations
Action Planéterre,Non-governmental organizations
Action Solidarité Tiers-Monde a.s.b.l.,Non-governmental organizations
ActionAid International,Non-governmental organizations
African Centre for Technology Studies,Non-governmental organizations
African Climate Change Research Centre,Non-governmental organizations
African Forest Forum,Non-governmental organizations
African Wildlife Foundation,Non-governmental organizations
Agriconsulting S.p.A.,Non-governmental organizations
Albertine Rift Conservation Society,Non-governmental organizations
All India Women's Conference,Non-governmental organizations
Alliance for Responsible Atmospheric Policy,Non-governmental organizations
Alliance for Rural Electrification,Non-governmental organizations
Alliance to Save Energy,Non-governmental organizations
Amazon Environmental Research Institute,Non-governmental organizations
Amazon Watch,Non-governmental organizations
American Anthropological Association,Non-governmental organizations
American Chemical Society,Non-governmental organizations
American Federation of Labor and Congress of Industrial Organizations,Non-governmental organizations
American Meteorological Society,Non-governmental organizations
American Nuclear Society,Non-governmental organizations
American Sustainable Business Council,Non-governmental organizations
American University,Non-governmental organizations
American University of Beirut,Non-governmental organizations
An Organization for Socio-Economic Development,Non-governmental organizations
Antarctic and Southern Ocean Coalition,Non-governmental organizations
Aotearoa Youth Leadership Institute,Non-governmental organizations
Arab Network for Environment and Development,Non-governmental organizations
Arizona State University,Non-governmental organizations
"Asheville-Buncombe Sustainable Community Initiatives, Inc.",Non-governmental organizations
Asia Indigenous Peoples Pact Foundation,Non-governmental organizations
"Asia Pacific Forum on Women, Law and Development",Non-governmental organizations
Asian Institute of Technology,Non-governmental organizations
Asociación AK Tenamit,Non-governmental organizations
Asociación Ambiente y Sociedad,Non-governmental organizations
Asociación Civil Oikos,Non-governmental organizations
Asociación Coordinadora Latinoamericana y del Caribe de Pequeños Productores de Comercio Justo,Non-governmental organizations
Asociación de Comunidades Forestales de Petén,Non-governmental organizations
Asociación Española de la Industria Eléctrica,Non-governmental organizations
Asociación Española del Gas,Non-governmental organizations
Asociación Interétnica de Desarrollo de la Selva Peruana,Non-governmental organizations
Asociación La Ruta del Clima,Non-governmental organizations
Asociacion para la Naturaleza y Desarrollo Sostenible,Non-governmental organizations
Asociación Proteger,Non-governmental organizations
Asociación Regional de Pueblos Indígenas de la Selva Central,Non-governmental organizations
Association Actions Vitales Pour Le Développement Durable,Non-governmental organizations
Association Climate-KIC,Non-governmental organizations
Association Democratique des Femmes du Maroc,Non-governmental organizations
Association des communautés urbaines de France,Non-governmental organizations
Association des Enseignants des Sciences de la Vie et de la Terre,Non-governmental organizations
Association Femmes Bladi pour le Développement et le Tourisme,Non-governmental organizations
Association Française des Entreprises pour l'Environnement,Non-governmental organizations
Association La Voûte Nubienne,Non-governmental organizations
Association Marocaine pour la Protection des Aires Marines et Développement Durable,Non-governmental organizations
Association of American Geographers,Non-governmental organizations
Association of Consulting Engineers,Non-governmental organizations
Association of Sustainable Ecological Engineering Development,Non-governmental organizations
Ateneo de Manila University,Non-governmental organizations
Avaaz Foundation,Non-governmental organizations
Avelife (Ltd.),Non-governmental organizations
Bangladesh Centre for Advanced Studies,Non-governmental organizations
Barcelona Centre for International Affairs,Non-governmental organizations
Basel Agency for Sustainable Energy,Non-governmental organizations
Basque Centre for Climate Change,Non-governmental organizations
Bay Area Council,Non-governmental organizations
Beijing Greenovation Hub for Public Welfare Development,Non-governmental organizations
Beijing NGO Association for International Exchanges,Non-governmental organizations
Bellona Foundation,Non-governmental organizations
Bianca Jagger Human Rights Foundation,Non-governmental organizations
"Bill, Hillary & Chelsea Clinton Foundation",Non-governmental organizations
Biovision - Foundation for Ecological Development,Non-governmental organizations
BirdLife International,Non-governmental organizations
Blue Green Alliance Foundation,Non-governmental organizations
Boston University,Non-governmental organizations
Both ENDS Foundation,Non-governmental organizations
Boticário Group Foundation for Nature Protection,Non-governmental organizations
Brahma Kumaris World Spiritual University,Non-governmental organizations
Bread for the World,Non-governmental organizations
"Brighter Green, Inc.",Non-governmental organizations
British Columbia Council for International Cooperation,Non-governmental organizations
Brown University - Watson Institute,Non-governmental organizations
Buddhist Tzu Chi Foundation,Non-governmental organizations
Business Council for Sustainable Energy,Non-governmental organizations
Business for Social Responsibility,Non-governmental organizations
Business Unity South Africa,Non-governmental organizations
BusinessEurope,Non-governmental organizations
C40 Cities Climate Leadership Group,Non-governmental organizations
"Ca' Foscari University, Venice",Non-governmental organizations
Canadian Electricity Association,Non-governmental organizations
Canadian Foodgrains Bank Association Inc.,Non-governmental organizations
Canadian Nuclear Association,Non-governmental organizations
Carbon Capture and Storage Association,Non-governmental organizations
Carbon Emission (Greenhouse Gas) Reduction and Control Association,Non-governmental organizations
Carbon Market Institute Limited,Non-governmental organizations
Carbon Market Watch - Centre of Development & Environment,Non-governmental organizations
Carbon Tracker Initiative Limited,Non-governmental organizations
Cardiff University,Non-governmental organizations
"Care About Climate, Inc",Non-governmental organizations
CARE International,Non-governmental organizations
Caritas Internationalis,Non-governmental organizations
Carnegie Institution for Washington,Non-governmental organizations
Carnegie Mellon University,Non-governmental organizations
Carre Geo & Environnement,Non-governmental organizations
CDP Worldwide,Non-governmental organizations
CEE Bankwatch Network,Non-governmental organizations
CEMBUREAU,Non-governmental organizations
Center for American Progress,Non-governmental organizations
Center for Biological Diversity,Non-governmental organizations
Center for Carbon Removal,Non-governmental organizations
Center for Clean Air Policy,Non-governmental organizations
Center for Climate and Energy Solutions,Non-governmental organizations
"Center for Climate Strategies, Inc.",Non-governmental organizations
Center for Environment and Sustainable Development Studies and Application,Non-governmental organizations
Center for International Climate and Environmental Research,Non-governmental organizations
Center for International Environmental Law,Non-governmental organizations
Center for Natural Resource Studies,Non-governmental organizations
Center of Life Institute,Non-governmental organizations
Central Ashaninka del Río Ene,Non-governmental organizations
Centre de Coopération Internationale en Recherche Agronomique pour le Développement,Non-governmental organizations
Centre de développement de la région de Tensift,Non-governmental organizations
Centre for 21st Century Issues,Non-governmental organizations
Centre for Climate Change and Environmental Studies,Non-governmental organizations
Centre for Community Economics and Development Consultants Society,Non-governmental organizations
Centre for Environmental Justice,Non-governmental organizations
Centre for European Economic Research,Non-governmental organizations
Centre for European Policy Studies,Non-governmental organizations
Centre for International Governance Innovation,Non-governmental organizations
Centre for International Sustainable Development Law,Non-governmental organizations
Centre for Science and Environment,Non-governmental organizations
Centre International de droit Comparé de l'Environnement,Non-governmental organizations
Centre international de recherche sur l'environnement et le développement,Non-governmental organizations
Centre National de la Recherche Scientifique,Non-governmental organizations
Centre pour l'Environnement et le Développement,Non-governmental organizations
Centro Alexander von Humboldt,Non-governmental organizations
Centro de Apoyo a la Gestión Sustentable del Agua y el Medio Ambiente,Non-governmental organizations
Centro de Planificación y Estudio Social,Non-governmental organizations
Centro Internacional de Agricultura Tropical,Non-governmental organizations
"Ceres, Inc.",Non-governmental organizations
Chamber of Commerce of the United States of America,Non-governmental organizations
Chatham House,Non-governmental organizations
Children and Youth International,Non-governmental organizations
China Association for NGO Cooperation,Non-governmental organizations
China Association for Science and Technology,Non-governmental organizations
China Green Carbon Foundation,Non-governmental organizations
China New Energy Chamber of Commerce,Non-governmental organizations
China NGO Network for International Exchanges,Non-governmental organizations
Chinese Renewable Energy Industry Association,Non-governmental organizations
CHIRAPAQ - Centro de Culturas Indígenas del Perú,Non-governmental organizations
Christian Aid,Non-governmental organizations
Citizens Alliance for Saving the Atmosphere and the Earth,Non-governmental organizations
Citizens' Climate Education Corp.,Non-governmental organizations
Civic Exchange,Non-governmental organizations
"Clean Air Initiative for Asian Cities Center, Inc.",Non-governmental organizations
Clean Air Task Force,Non-governmental organizations
ClientEarth,Non-governmental organizations
Climate Action Network - Europe,Non-governmental organizations
Climate Action Network Australia,Non-governmental organizations
Climate Action Network Canada,Non-governmental organizations
Climate Action Network International,Non-governmental organizations
Climate Action Reserve,Non-governmental organizations
Climate Aid Initiative,Non-governmental organizations
Climate Alliance (Klima-Bündnis),Non-governmental organizations
Climate Alliance Austria,Non-governmental organizations
Climate Alliance Italy,Non-governmental organizations
Climate Analytics GmbH,Non-governmental organizations
Climate and Health Alliance Inc.,Non-governmental organizations
Climate and Health Limited,Non-governmental organizations
Climate and Sustainable Development Network of Nigeria,Non-governmental organizations
Climate Bonds Initiative,Non-governmental organizations
Climate Business Network,Non-governmental organizations
Climate Change Center,Non-governmental organizations
Climate Change Forum,Non-governmental organizations
Climate Change Research Institute of Korea,Non-governmental organizations
Climate Generation: A Will Steger Legacy,Non-governmental organizations
Climate Justice Program,Non-governmental organizations
Climate Leadership Council,Non-governmental organizations
Climate Markets and Investment Association Limited,Non-governmental organizations
Climate Outreach Information Network,Non-governmental organizations
Climate Policy Center,Non-governmental organizations
"Climate Policy Initiative, Inc",Non-governmental organizations
Climate Strategies,Non-governmental organizations
ClimateNet,Non-governmental organizations
Climatepolicy.net e.V.,Non-governmental organizations
CliMates,Non-governmental organizations
ClimateWorks Foundation,Non-governmental organizations
CO2GeoNet - The European Network of Excellence on Geological Storage of CO2,Non-governmental organizations
Coalition for Our Common Future,Non-governmental organizations
Coalition on Agricultural Greenhouse Gases,Non-governmental organizations
Coastal Association for Social Transformation Trust,Non-governmental organizations
Coastal Development Partnership,Non-governmental organizations
"COBASE, Cooperativa Tecnico Scientifica di Base",Non-governmental organizations
Colegio de Abogados Especialistas en Derecho Ambiental de Colombia,Non-governmental organizations
College of Saint Benedict,Non-governmental organizations
College of the Atlantic,Non-governmental organizations
Cologne Institute for Economic Research,Non-governmental organizations
Colorado State University,Non-governmental organizations
Columbia University,Non-governmental organizations
Comité 21 / Club France Développement Durable,Non-governmental organizations
Committee for a Constructive Tomorrow,Non-governmental organizations
Competitive Enterprise Institute,Non-governmental organizations
Concordia University,Non-governmental organizations
Confederación Española de Organizaciones Empresariales,Non-governmental organizations
Confédération Générale des Entreprises du Maroc,Non-governmental organizations
Confederation of Danish Industry,Non-governmental organizations
Confederation of European Paper Industries,Non-governmental organizations
Confederation of Indian Industry,Non-governmental organizations
Confédération Paysanne,Non-governmental organizations
Congregation of Our Lady of Mount Carmel,Non-governmental organizations
Congrès Mondial Amazigh,Non-governmental organizations
Conseil de la Jeunesse de la Communauté Française de Belgique,Non-governmental organizations
Conseil des Communes et Régions d'Europe,Non-governmental organizations
"Consejo Civil Mexicano para la Silvicultura Sostinible, A. C.",Non-governmental organizations
Conservation International,Non-governmental organizations
Cooperation for the Development of Emerging Countries Onlus,Non-governmental organizations
Cooperation Internationale pour le Développement et la Solidarité,Non-governmental organizations
Coopération pour le développement et l'amélioration des transports urbains et périurbains,Non-governmental organizations
Coordinadora Andina de Organizaciones Indígenas,Non-governmental organizations
Coordinadora de Desarrollo y Defensa de los Pueblos Indígenas de la Región San Martín,Non-governmental organizations
Coordinating Body of Indigenous Organizations of the Amazon Basin,Non-governmental organizations
"Corn Refiners Association, Inc.",Non-governmental organizations
Cornell University,Non-governmental organizations
Corporación Fiscalía del Medio Ambiente,Non-governmental organizations
Corporate Accountability International,Non-governmental organizations
Corporate Europe Observatory Foundation,Non-governmental organizations
"Council on Energy, Environment and Water",Non-governmental organizations
"Cultural Survival, Inc.",Non-governmental organizations
CUTS International,Non-governmental organizations
Dalhousie University - Marine and Environmental Law Institute,Non-governmental organizations
Danish 92 Group - Forum for Sustainable Development,Non-governmental organizations
Danish District Heating Association,Non-governmental organizations
Danish Energy Association,Non-governmental organizations
Danish Society of Engineers,Non-governmental organizations
Dartmouth College,Non-governmental organizations
David and Lucile Packard Foundation,Non-governmental organizations
De Montfort University,Non-governmental organizations
Delta Electronics Foundation,Non-governmental organizations
Demand Response and Smart Grid Coalition,Non-governmental organizations
Derecho Ambiente y Recursos Naturales,Non-governmental organizations
DesertNet International,Non-governmental organizations
Designated Operational Entities and Independent Entities Association,Non-governmental organizations
Deutsche Gesellschaft für Internationale Zusammenarbeit,Non-governmental organizations
Deutsche Gesellschaft für Vereinten Nationen e.V.,Non-governmental organizations
Development Alternatives,Non-governmental organizations
Dharma Drum Mountain Buddhist Association,Non-governmental organizations
Diakonia,Non-governmental organizations
Dickinson College,Non-governmental organizations
Domestic and Foreign Missionary Society of the Protestant Episcopal Church in the USA,Non-governmental organizations
Drexel University,Non-governmental organizations
Duke University,Non-governmental organizations
Earth Child Institute,Non-governmental organizations
Earth Council,Non-governmental organizations
Earth Day Network,Non-governmental organizations
Earth Innovation Institute,Non-governmental organizations
"Earth Island Institute, Inc.",Non-governmental organizations
Earth Savers Movement,Non-governmental organizations
Earthjustice,Non-governmental organizations
Eberhard Karls Universitat Tubingen,Non-governmental organizations
EcoArts Connections,Non-governmental organizations
Ecole Nationale Supérieure des Mines de Paris,Non-governmental organizations
Ecolo Info,Non-governmental organizations
Ecologic Institute,Non-governmental organizations
Economic Research Institute for Northeast Asia,Non-governmental organizations
Ecumenical Advocacy Alliance,Non-governmental organizations
Edison Electric Institute,Non-governmental organizations
Ejecutor de Contrato de Administración de la Reserva Comunal Amarakaeri,Non-governmental organizations
Emory University,Non-governmental organizations
Energiaklub Climate Policy Institute and Applied Communications Association,Non-governmental organizations
Energies 2050,Non-governmental organizations
Energy and Climate Intelligence Unit Limited,Non-governmental organizations
Energy Research Centre of the Netherlands,Non-governmental organizations
Environment-People-Law,Non-governmental organizations
Environmental Defense Fund,Non-governmental organizations
Environmental Investigation Agency,Non-governmental organizations
Environmental Law Research Institute LTD/GTE,Non-governmental organizations
Environmental Management for Livelihood Improvement Bwaise Facility,Non-governmental organizations
Environmental Quality Protection Foundation,Non-governmental organizations
Environnement et Developpement du Tiers-Monde,Non-governmental organizations
Environnement Jeunesse,Non-governmental organizations
Equiterre,Non-governmental organizations
Erklärung von Bern,Non-governmental organizations
"ETC Group (Action Group on Erosion, Technology and Concentration)",Non-governmental organizations
EURELECTRIC,Non-governmental organizations
Euro-Mediterranean Center on Climate Change,Non-governmental organizations
Eurocities A.S.B.L.,Non-governmental organizations
European Association for Solar Energy,Non-governmental organizations
European Bureau for Conservation and Development,Non-governmental organizations
European Business Council for Sustainable Energy,Non-governmental organizations
European Chemical Industry Council,Non-governmental organizations
European Climate Foundation,Non-governmental organizations
European Federation for Transport and Environment,Non-governmental organizations
European Forum European Energy Award e.V.,Non-governmental organizations
European Heat Pump Association,Non-governmental organizations
European Network for Community-Led Initiatives on Climate Change and Sustainability,Non-governmental organizations
European Nuclear Society,Non-governmental organizations
European Round Table of Industrialists,Non-governmental organizations
European Union Chamber of Commerce in China,Non-governmental organizations
European Wind Energy Association,Non-governmental organizations
European Youth Forum,Non-governmental organizations
Ev-K2-CNR Committee,Non-governmental organizations
FACE Foundation,Non-governmental organizations
Fachhochschule Muenster,Non-governmental organizations
Fairtrade Labelling Organizations International e.V.,Non-governmental organizations
Fairwatch Association,Non-governmental organizations
Farm Africa Limited,Non-governmental organizations
Fauna & Flora International,Non-governmental organizations
Federación de Pueblos Indígenas Kechwas de la Región de San Martín,Non-governmental organizations
Federación Nativa del Río Madre de Dios y Afluentes,Non-governmental organizations
Federación Regional Indígena Shawi de San Martín,Non-governmental organizations
"Federation of American Women's Clubs Overseas, Inc.",Non-governmental organizations
Federation of Canadian Municipalities,Non-governmental organizations
Federation of Electric Power Companies,Non-governmental organizations
Federation of German Industries,Non-governmental organizations
Federation of Indian Chambers of Commerce and Industry,Non-governmental organizations
Federation of Young European Greens,Non-governmental organizations
FERN,Non-governmental organizations
Fia Foundation for the Automobile and Society,Non-governmental organizations
Finnish Institute of International Affairs,Non-governmental organizations
Fondation BNP Paribas,Non-governmental organizations
Fondation Deserts du Monde,Non-governmental organizations
Fondation Jean-Jaurès,Non-governmental organizations
Fondation Nicolas Hulot,Non-governmental organizations
Fondation pour le Développement Durable des Régions de Montagne,Non-governmental organizations
Fondazione Centro Studi Enel,Non-governmental organizations
Fondazione Eni Enrico Mattei,Non-governmental organizations
Fondo de Promoción de la Areas Naturales Protegidas del Perú,Non-governmental organizations
Food & Water Watch,Non-governmental organizations
Ford Foundation,Non-governmental organizations
Forest Stewardship Council,Non-governmental organizations
Forest Trends Association,Non-governmental organizations
Forestry and Forest Products Research Institute,Non-governmental organizations
Forests of the World,Non-governmental organizations
Forests Philanthropy Action Network,Non-governmental organizations
Foro Ciudades para la Vida,Non-governmental organizations
Foro Soria 21 para el desarrollo sostenible,Non-governmental organizations
Forum Atomique Européen,Non-governmental organizations
Forum des Alternatives Maroc,Non-governmental organizations
Forum for Environment,Non-governmental organizations
Forum for Reforms and Entrepreneurship,Non-governmental organizations
Foundation 2°,Non-governmental organizations
Foundation DLO,Non-governmental organizations
Foundation Environment - Law Society,Non-governmental organizations
Foundation for Environmental Education,Non-governmental organizations
Foundation for Promoting Personal Mobility and Ecological Transportation,Non-governmental organizations
Foundation for Renewable Energy and the Environment,Non-governmental organizations
Foundation for Sustainability,Non-governmental organizations
Foundation for the Global Compact,Non-governmental organizations
Foundation for the Rights of Future Generations,Non-governmental organizations
Foundation Myclimate The Climate Protection Partnership,Non-governmental organizations
Foundation of Taiwan Industry Service,Non-governmental organizations
France Libertes - Fondation Danielle Mitterrand,Non-governmental organizations
Franciscans International,Non-governmental organizations
Frankfurt School of Finance and Management gGmbH,Non-governmental organizations
Fraunhofer Institute for Systems and Innovation Research,Non-governmental organizations
"Free University Amsterdam, Institute for Environmental Studies",Non-governmental organizations
Freedom from Debt Coalition Inc.,Non-governmental organizations
Freie Universität Berlin,Non-governmental organizations
Fresh Energy,Non-governmental organizations
Friedrich Schiller University Jena,Non-governmental organizations
Friedrich-Ebert-Stiftung e.V.,Non-governmental organizations
Friends of the Earth International,Non-governmental organizations
Friends World Committee for Consultation,Non-governmental organizations
Fundação Getúlio Vargas,Non-governmental organizations
Fundación Ambiente y Recursos Naturales,Non-governmental organizations
Fundación Amigos de la Naturaleza,Non-governmental organizations
Fundación Avina,Non-governmental organizations
Fundación Biosfera,Non-governmental organizations
Fundación Defensores de la Naturaleza,Non-governmental organizations
Fundación Despacio,Non-governmental organizations
Fundación Ecología y Desarrollo,Non-governmental organizations
Fundación Futuro Latinoamericano,Non-governmental organizations
Fundación Natura,Non-governmental organizations
Fundación para la Promoción del Conocimiento Indígena,Non-governmental organizations
Fundación Privada Empresa & Clima,Non-governmental organizations
"Fundación Red Colombiana Para la Defensa de los Derechos Humanos, el Medio Ambiente y la Paz",Non-governmental organizations
Fundación TierraVida,Non-governmental organizations
Future Earth International,Non-governmental organizations
Gana Unnayan Kendra,Non-governmental organizations
GenderCC - Women for Climate Justice e.V.,Non-governmental organizations
George Mason University,Non-governmental organizations
Georgetown University,Non-governmental organizations
German Advisory Council on Global Change,Non-governmental organizations
German Association of Energy and Water Industries,Non-governmental organizations
German Climate Association,Non-governmental organizations
German Committee for Disaster Reduction,Non-governmental organizations
German Development Institute,Non-governmental organizations
German Emissions Trading Association,Non-governmental organizations
German Institute for Economic Research,Non-governmental organizations
German NGO Forum on Environment and Development,Non-governmental organizations
Germanwatch,Non-governmental organizations
Gherush92 Committee for Human Rights,Non-governmental organizations
Global Alert for Defence of Youth and the Less Privileged,Non-governmental organizations
Global Buildings Performance Network,Non-governmental organizations
Global Call for Climate Action,Non-governmental organizations
Global Canopy Programme,Non-governmental organizations
Global Carbon Capture and Storage Institute Ltd,Non-governmental organizations
Global Ecovillage Network,Non-governmental organizations
Global Environment Centre,Non-governmental organizations
Global Environmental Institute,Non-governmental organizations
Global Forest Coalition,Non-governmental organizations
Global Green Environmental Network,Non-governmental organizations
Global Greens (Verts Mondiaux),Non-governmental organizations
Global Industrial and Social Progress Research Institute,Non-governmental organizations
Global Infrastructure Basel Foundation,Non-governmental organizations
"Global Justice Ecology Project, Inc.",Non-governmental organizations
Global Legislators Organisation for a Balanced Environment,Non-governmental organizations
Global Marshall Plan Foundation,Non-governmental organizations
Global Peace Initiative of Women,Non-governmental organizations
Global Public Policy Institute,Non-governmental organizations
Global Sustainable Electricity Partnership,Non-governmental organizations
Global Voices,Non-governmental organizations
Global Wind Energy Council,Non-governmental organizations
Gorakhpur Environmental Action Group,Non-governmental organizations
Governors' Climate and Forests Fund,Non-governmental organizations
Grassroots Global Justice Alliance,Non-governmental organizations
Green Asia Network,Non-governmental organizations
Green Club,Non-governmental organizations
Green Economics Institute,Non-governmental organizations
Green European Foundation,Non-governmental organizations
Green Institute Limited,Non-governmental organizations
Green Malaysia,Non-governmental organizations
Green Planet,Non-governmental organizations
Greener Impact,Non-governmental organizations
GreenFacts ASBL,Non-governmental organizations
Greenhouse Gas Management Institute,Non-governmental organizations
Greenpeace International,Non-governmental organizations
Greenriver Environmental Protection Promotion Association of Sichuan,Non-governmental organizations
Griffith University,Non-governmental organizations
Griha Council,Non-governmental organizations
Groupe d'études et de recherches sur les énergies renouvelables et l'environnement,Non-governmental organizations
"Groupe Energies Renouvelables, Environnement et Solidarités",Non-governmental organizations
Harvard University,Non-governmental organizations
HATOF Foundation,Non-governmental organizations
Health and Environment Alliance,Non-governmental organizations
Health Care Without Harm,Non-governmental organizations
HEDA Resource Centre,Non-governmental organizations
Heinrich Böll Foundation,Non-governmental organizations
Helvetas Swiss Intercooperation,Non-governmental organizations
Hong Kong Climate Change Forum,Non-governmental organizations
Huairou Commission Women Homes and Community,Non-governmental organizations
Human Rights Foundation of Aotearoa New Zealand,Non-governmental organizations
"Human Rights Watch, Inc.",Non-governmental organizations
Humane Society International,Non-governmental organizations
I4CE - Institute for Climate Economics,Non-governmental organizations
Ibon Foundation Inc.,Non-governmental organizations
ICLEI-Local Governments for Sustainability,Non-governmental organizations
ifo Institute - Leibniz Institute for Economic Research at the University of Munich e.V.,Non-governmental organizations
Imperial College London,Non-governmental organizations
"Independent University, Bangladesh",Non-governmental organizations
Indian Youth Climate Network,Non-governmental organizations
Indiana University,Non-governmental organizations
Indigenous Education Network of Turtle Island,Non-governmental organizations
Indigenous Information Network,Non-governmental organizations
Indigenous People of Africa Coordinating Committee,Non-governmental organizations
Industrial Technology Research Institute,Non-governmental organizations
IndustriALL Global Union,Non-governmental organizations
IndyACT-The League of Independent Activists,Non-governmental organizations
Innovations Bleues,Non-governmental organizations
Institut du Développement Durable et des Relations Internationales,Non-governmental organizations
Institut National de la Recherche Agronomique,Non-governmental organizations
Institute de Recherche pour le Développement,Non-governmental organizations
Institute for Advanced Sustainability Studies,Non-governmental organizations
Institute for Agricultural and Forest Management and Certification,Non-governmental organizations
Institute for Climate and Sustainable Cities (iCSC).,Non-governmental organizations
Institute for Conservation and Sustainable Development of Amazonas,Non-governmental organizations
Institute for Environment and Development Sustainability,Non-governmental organizations
Institute for European Environmental Policy,Non-governmental organizations
Institute for Global Environmental Strategies,Non-governmental organizations
Institute for Policy Studies,Non-governmental organizations
Institute for Solid Waste Research and Ecological Balance,Non-governmental organizations
Institute for Sustainable Energy Policies,Non-governmental organizations
Institute for Transportation and Development Policy,Non-governmental organizations
"Institute of Energy Economics, Japan",Non-governmental organizations
"Institute of Environment and Sustainable Development in Agriculture, Chinese Academy of Agricultural Science",Non-governmental organizations
Institutional Investors Group on Climate Change Ltd.,Non-governmental organizations
Instituto de Ecología y Antropología de Acción,Non-governmental organizations
Instituto Educacional Franklin Delano Roosevelt,Non-governmental organizations
Integrated Sustainable Energy and Ecological Development Association,Non-governmental organizations
Interchurch Organization for Development Cooperation,Non-governmental organizations
InterEnvironment Institute,Non-governmental organizations
International Accreditation Forum Inc.,Non-governmental organizations
International Air Transport Association,Non-governmental organizations
International Alliance of Indigenous and Tribal Peoples of the Tropical Forests,Non-governmental organizations
International Association for the Advancement of Innovative Approaches to Global Challenges,Non-governmental organizations
International Association for the Protection of the Intellectual Property,Non-governmental organizations
International Association of Public Transport,Non-governmental organizations
International Association of Schools of Social Work,Non-governmental organizations
International Association of Students in Agricultural and Related Sciences,Non-governmental organizations
International Centre for Trade and Sustainable Development,Non-governmental organizations
International Chamber of Commerce,Non-governmental organizations
International Chamber of Shipping,Non-governmental organizations
International Climate Change Partnership,Non-governmental organizations
International Climate Dialogue e.V.,Non-governmental organizations
International Coastal and Ocean Organization,Non-governmental organizations
International Council for Science,Non-governmental organizations
International Council for Sustainable Energy,Non-governmental organizations
International Council of Chemical Associations,Non-governmental organizations
International Council on Clean Transportation Inc.,Non-governmental organizations
International Cryosphere Climate Initiative,Non-governmental organizations
International Development Research Centre,Non-governmental organizations
International Emissions Trading Association,Non-governmental organizations
International Environment and Economy Institute,Non-governmental organizations
International Environmental Communication Association,Non-governmental organizations
International Federation for Housing and Planning,Non-governmental organizations
International Federation of Liberal Youth,Non-governmental organizations
International Federation of Medical Students' Associations,Non-governmental organizations
International Federation of Organic Agriculture Movements,Non-governmental organizations
International Fertilizer Industry Association,Non-governmental organizations
International Food Policy Research Institute,Non-governmental organizations
International Forestry Students' Association,Non-governmental organizations
International Forum on Globalization Inc.,Non-governmental organizations
International Foundation for African Children,Non-governmental organizations
International Gas Union,Non-governmental organizations
International Hydropower Association,Non-governmental organizations
International Indian Treaty Council,Non-governmental organizations
International Institute for Applied Systems Analysis,Non-governmental organizations
International Institute for Environment and Development,Non-governmental organizations
International Institute for Sustainable Development,Non-governmental organizations
International National Trusts Organisation,Non-governmental organizations
International Network for Sustainable Energy,Non-governmental organizations
International Organization for Standardization,Non-governmental organizations
International Peatland Society,Non-governmental organizations
International Planned Parenthood Federation,Non-governmental organizations
International Plant Genetic Resources Institute,Non-governmental organizations
International Polar Foundation,Non-governmental organizations
International Solar Energy Society e.V.,Non-governmental organizations
International Solid Waste Association,Non-governmental organizations
International Trade Union Confederation,Non-governmental organizations
International Water Association,Non-governmental organizations
International Work Group for Indigenous Affairs,Non-governmental organizations
International Youth and Student Movement for the United Nations,Non-governmental organizations
IPIECA Limited (IPIECA),Non-governmental organizations
Italian Climate Network,Non-governmental organizations
Italian Local Agenda 21 Association,Non-governmental organizations
Ithaca College,Non-governmental organizations
iuventum e.V.,Non-governmental organizations
Janvikas,Non-governmental organizations
"Japan Atomic Industrial Forum, Inc.",Non-governmental organizations
Japan Automobile Manufacturers Association Inc.,Non-governmental organizations
Japan Center for a Sustainable Environment and Society,Non-governmental organizations
Japan Economic Research Institute,Non-governmental organizations
Japan Environmental Council,Non-governmental organizations
Japan Federation of Bar Associations,Non-governmental organizations
Japan Fluorocarbon Manufacturers Association,Non-governmental organizations
Japan Iron and Steel Federation,Non-governmental organizations
Japan Water Forum,Non-governmental organizations
Jeunes Volontaires pour l'Environnement,Non-governmental organizations
Johns Hopkins University,Non-governmental organizations
"Jubilee South Asia Pacific Movement, Inc.",Non-governmental organizations
"Kadikoyu Friends of Science, Culture and Art Association",Non-governmental organizations
Kansai Economic Federation,Non-governmental organizations
Keidanren,Non-governmental organizations
Kejibaus Youth Development Initiative,Non-governmental organizations
Keren Kayemet LeIsrael/The Jewish National Fund,Non-governmental organizations
KfW,Non-governmental organizations
Khazer Ecological and Cultural NGO,Non-governmental organizations
Kiko Network,Non-governmental organizations
"King's College, School of Law",Non-governmental organizations
KlimAktiv,Non-governmental organizations
Konrad-Adenauer Foundation,Non-governmental organizations
Korea Chamber of Commerce and Industry,Non-governmental organizations
Korea Green Foundation,Non-governmental organizations
Korea University,Non-governmental organizations
Korean Business Council for Sustainable Development,Non-governmental organizations
Korean Standards,Non-governmental organizations
"Krasnoyarsk regional public ecological movement ""Friends of the Siberian Forests""",Non-governmental organizations
Kyoto Club,Non-governmental organizations
"Kyoto University, Institute of Economic Research",Non-governmental organizations
"Labour, Health and Human Rights Development Center",Non-governmental organizations
Latin American Section of the American Nuclear Society,Non-governmental organizations
Leadership for Environment and Development,Non-governmental organizations
Leadership for Environment and Development International,Non-governmental organizations
League of Women Voters of the United States,Non-governmental organizations
Legambiente - League of Environment,Non-governmental organizations
Libyan Wildlife Trust,Non-governmental organizations
LIFE e.V.,Non-governmental organizations
Lombardy Foundation for the Environment / Fondazione Lombardia per l'Ambiente,Non-governmental organizations
London School of Economics and Political Science,Non-governmental organizations
Lund University,Non-governmental organizations
Macalester College,Non-governmental organizations
Marmara University,Non-governmental organizations
Mary Robinson Foundation - Climate Justice,Non-governmental organizations
Maryknoll Fathers and Brothers,Non-governmental organizations
Massachusetts Institute of Technology,Non-governmental organizations
Mediators Beyond Borders International,Non-governmental organizations
Meridian Institute,Non-governmental organizations
Met Office Hadley Center,Non-governmental organizations
Michael Succow Foundation for the Protection of Nature,Non-governmental organizations
"MISEREOR, German Catholic Bishops' Organisation for Development Cooperation",Non-governmental organizations
Mom Loves Taiwan Association,Non-governmental organizations
Monash University,Non-governmental organizations
Moravian College,Non-governmental organizations
Mountain and Glacier Protection Organization,Non-governmental organizations
"Mountain Institute, Inc.",Non-governmental organizations
Movement Strategy Center,Non-governmental organizations
Munich Climate Insurance Initiative,Non-governmental organizations
Munich Re Foundation,Non-governmental organizations
Münster University,Non-governmental organizations
Nagoya University,Non-governmental organizations
National Association for the Advancement of Colored People,Non-governmental organizations
"National Council for Climate Change, Sustainable Development and Public Leadership",Non-governmental organizations
National Ecological Centre of Ukraine,Non-governmental organizations
National Institute for Environmental Studies,Non-governmental organizations
National Institute of Public Health and the Environment,Non-governmental organizations
National University of Singapore,Non-governmental organizations
National Wildlife Federation,Non-governmental organizations
National Youth Achievement Award Association,Non-governmental organizations
Native American Rights Fund,Non-governmental organizations
Natural Resources Defense Council,Non-governmental organizations
Nature and Biodiversity Conservation Union,Non-governmental organizations
Nature and Life Foundation,Non-governmental organizations
Naturefriends International,Non-governmental organizations
Neighbour Organization Nepal,Non-governmental organizations
Neongreen Network,Non-governmental organizations
Nepal Federation of Indigenous Nationalities,Non-governmental organizations
Network of Regional Governments for Sustainable Development,Non-governmental organizations
Network Peace Integration and Development,Non-governmental organizations
New Energy and Industrial Technology Development Organization,Non-governmental organizations
New Venture Fund,Non-governmental organizations
New York University,Non-governmental organizations
New Zealand Youth Delegation Incorporated,Non-governmental organizations
Nexus Carbon for Development Limited,Non-governmental organizations
NFD Centre for Environment Education,Non-governmental organizations
"NGO Committee on the Status of Women, NY, Inc.",Non-governmental organizations
Non-Timber Forest Products-Exchange Programme Incorporated,Non-governmental organizations
Nordic Folkecenter for Renewable Energy,Non-governmental organizations
"North American Energy Standards Board, Inc.",Non-governmental organizations
Northeastern University,Non-governmental organizations
Norwegian Confederation of Trade Unions,Non-governmental organizations
Norwegian Forum for Environment and Development,Non-governmental organizations
Norwegian Refugee Council,Non-governmental organizations
Norwegian University of Life Sciences,Non-governmental organizations
Notre Affaire à Tous,Non-governmental organizations
NPO Tuvalu Overview,Non-governmental organizations
Nuclear Energy Institute,Non-governmental organizations
Nuclear Information and Resource Service,Non-governmental organizations
Nurses Across the Borders,Non-governmental organizations
Observatoire méditerranéen de l'énergie,Non-governmental organizations
Observatoire pour la Protection de l'Environnement et des Monuments Historiques de Tanger,Non-governmental organizations
Oceana Inc.,Non-governmental organizations
"Oeko-Institut (Institute for Applied Ecology e.V.), Berlin",Non-governmental organizations
Oil Change International,Non-governmental organizations
One Sky - Canadian Insitute of Sustainable Living,Non-governmental organizations
OpenTeam,Non-governmental organizations
Organic Consumers Association,Non-governmental organizations
Organisation pour le Respect de l'Environnement dans l'Entreprise,Non-governmental organizations
Oro Verde - Tropical Forest Foundation,Non-governmental organizations
Overseas Development Institute,Non-governmental organizations
"Overseas Environmental Cooperation Center, Japan",Non-governmental organizations
OXFAM International,Non-governmental organizations
Oxford Climate Policy,Non-governmental organizations
P3 Foundation,Non-governmental organizations
Pacific Forest Trust,Non-governmental organizations
PAIRVI Associates,Non-governmental organizations
Pan African Climate Justice Alliance,Non-governmental organizations
ParisTech,Non-governmental organizations
Partenariat Français pour l'Eau,Non-governmental organizations
Partnership for Observation of the Global Oceans Society,Non-governmental organizations
Parvati,Non-governmental organizations
Peace Boat Disaster Relief Volunteer Center,Non-governmental organizations
Pembina Institute for Appropriate Development,Non-governmental organizations
Pennsylvania Environmental Resource Consortium,Non-governmental organizations
Pennsylvania State University,Non-governmental organizations
Peoples' Forum 2001 GWRG,Non-governmental organizations
Plan International,Non-governmental organizations
Planète Amazone,Non-governmental organizations
Plant for the Planet Foundation,Non-governmental organizations
Plymouth Marine Laboratory,Non-governmental organizations
Point Reyes Bird Observatory,Non-governmental organizations
Polar Bears International,Non-governmental organizations
Polish Ecological Club,Non-governmental organizations
Pomona College,Non-governmental organizations
Potsdam Institute for Climate Impact Research,Non-governmental organizations
Practical Action,Non-governmental organizations
Presbyterian Church (U.S.A.),Non-governmental organizations
PRI Association,Non-governmental organizations
Prima Klima - weltweit - e.V.,Non-governmental organizations
Pro-Natura International,Non-governmental organizations
ProClim - Forum for Climate and Global Change,Non-governmental organizations
Project 90 by 2030,Non-governmental organizations
Project Developer Forum Ltd.,Non-governmental organizations
Public Health Institute,Non-governmental organizations
Purdue University - Purdue Climate Change Research Center,Non-governmental organizations
Pusan National University - Marine Research Institute,Non-governmental organizations
PUSH Sweden,Non-governmental organizations
Quaker Earthcare Witness,Non-governmental organizations
R20 - Regions of Climate Action,Non-governmental organizations
Rainforest Alliance,Non-governmental organizations
Rainforest Foundation Norway,Non-governmental organizations
Rainforest Partnership,Non-governmental organizations
Rare,Non-governmental organizations
"Refrigerants, Naturally e.V.",Non-governmental organizations
Regional Environmental Centre for Central Asia,Non-governmental organizations
"Regional Institute of Health, Medicine and Research",Non-governmental organizations
Remote Sensing Technology Center of Japan,Non-governmental organizations
Renewable Energy and Energy Efficiency Partnership,Non-governmental organizations
Renewable Energy Institute,Non-governmental organizations
Renewable Energy Policy Network,Non-governmental organizations
Renewables Grid Initiative e.V.,Non-governmental organizations
Renmin University of China,Non-governmental organizations
"Research and Development Centre, Nepal",Non-governmental organizations
Research Center for Eco-Environmental Sciences in Shanxi,Non-governmental organizations
Research Centre for Sustainable Development,Non-governmental organizations
Research Institute of Innovative Technology for the Earth,Non-governmental organizations
Réseau Action Climat - France,Non-governmental organizations
Réseau Communautaire pour le Pauvre,Non-governmental organizations
Réseau Environnement,Non-governmental organizations
Réseau Français des Etudiants pour le Développement Durable,Non-governmental organizations
Reseau International des Organismes de Bassin,Non-governmental organizations
Resources for the Future,Non-governmental organizations
Responding to Climate Change,Non-governmental organizations
Results Education,Non-governmental organizations
"Reusa Misión Planeta, A.C.",Non-governmental organizations
Rheinische Friedrich-Wilhelms-Universität Bonn,Non-governmental organizations
"Rights and Resources Institute, Inc.",Non-governmental organizations
Rio de Janeiro Environmental Exchange,Non-governmental organizations
"Rockefeller Brothers Fund, Inc.",Non-governmental organizations
"Rockefeller Philanthropy Advisors, Inc.",Non-governmental organizations
Rocky Mountain Institute,Non-governmental organizations
Rosa-Luxemburg-Stiftung-Gesellschaftsanalye und politische Bildung e.V.,Non-governmental organizations
Roundtable on Sustainable Palm Oil,Non-governmental organizations
Rural Development Institute,Non-governmental organizations
Sabanci University,Non-governmental organizations
Sahkar Social Welfare Association,Non-governmental organizations
Saint John's University,Non-governmental organizations
Sasakawa Peace Foundation,Non-governmental organizations
Sauvons Le Climat,Non-governmental organizations
Save the Children International,Non-governmental organizations
School of Environmental Studies Education Foundation,Non-governmental organizations
Seas at Risk,Non-governmental organizations
SeaTrust Institute,Non-governmental organizations
Sentinel Advocacy,Non-governmental organizations
Seoul International Law Academy,Non-governmental organizations
Servicios en Comunicación Intercultural,Non-governmental organizations
Shakti Sustainable Energy Foundation,Non-governmental organizations
Shan Shui Conservation Center,Non-governmental organizations
Shinji Shumeikai,Non-governmental organizations
Sierra Club,Non-governmental organizations
"SILVA, Arbres, Forêts et Sociétes",Non-governmental organizations
Simon Fraser University,Non-governmental organizations
SNV Netherlands Development Organisation,Non-governmental organizations
Società Italiana per le Scienze del Clima,Non-governmental organizations
Society for Peoples Education and Economic Change,Non-governmental organizations
Society for Threatened Peoples International,Non-governmental organizations
Solar Cookers International,Non-governmental organizations
Solar Energy Industries Association,Non-governmental organizations
SOS SAHEL International France,Non-governmental organizations
South African Institute of International Affairs,Non-governmental organizations
South Asian Forum for Environment,Non-governmental organizations
South-South Global Assets and Technology Exchange,Non-governmental organizations
Southern African Confederation of Agricultural Unions,Non-governmental organizations
SouthSouthNorth Projects Africa,Non-governmental organizations
Stanford University,Non-governmental organizations
Stichting Climate Action Network South Asia,Non-governmental organizations
Stichting Global Reporting Initiative,Non-governmental organizations
Stichting Hivos (Humanistisch Instituut voor Ontwikkelingssamenwerking),Non-governmental organizations
Stiftung Mercator Foundation,Non-governmental organizations
Stockholm Environment Institute,Non-governmental organizations
Stockholm International Water Institute,Non-governmental organizations
Stockholm University - Institute for International Economic Studies,Non-governmental organizations
Stop Climate Chaos Scotland,Non-governmental organizations
Student Energy,Non-governmental organizations
Support for Women in Agriculture and Environment,Non-governmental organizations
Sustainable Amazonas Foundation,Non-governmental organizations
Sustainable Business Australia,Non-governmental organizations
Sustainable Development Policy Institute,Non-governmental organizations
Sustainable Energy Africa,Non-governmental organizations
Sustainable Energy for All Association for sustainable Energy,Non-governmental organizations
Sustainable Environmental Development Watch,Non-governmental organizations
Sustainable Markets Foundation - 350.org,Non-governmental organizations
Sustainable Population Australia Inc.,Non-governmental organizations
SustainUS,Non-governmental organizations
Swarthmore College,Non-governmental organizations
Swedish Society for Nature Conservation,Non-governmental organizations
Swedish University of Agricultural Sciences,Non-governmental organizations
Swiss Association for Environmentally Conscious Management,Non-governmental organizations
Swiss Federal Institute of Technology,Non-governmental organizations
Swisscontact,Non-governmental organizations
Taiwan Carbon Capture Storage and Utilization Association,Non-governmental organizations
Taiwan Institute for Sustainable Energy,Non-governmental organizations
Taiwan Research Institute,Non-governmental organizations
TakingITGlobal,Non-governmental organizations
Tanzania Natural Resource Forum,Non-governmental organizations
Tearfund,Non-governmental organizations
Tebtebba Foundation,Non-governmental organizations
Technical University of Denmark,Non-governmental organizations
Technische Universität Darmstadt,Non-governmental organizations
Technology Education Research and Rehabilitation for Environment Policy Centre,Non-governmental organizations
Telecommunication and Transportation Foundation,Non-governmental organizations
The Association for Coastal Ecosystem Services,Non-governmental organizations
The Carbon Trust,Non-governmental organizations
The Climate Group,Non-governmental organizations
The Climate Reality Project,Non-governmental organizations
The Climate Registry,Non-governmental organizations
The Corner House,Non-governmental organizations
The Danish Family Planning Association,Non-governmental organizations
The Energy and Resources Institute,Non-governmental organizations
The Fairtrade Foundation,Non-governmental organizations
The Gaia Foundation,Non-governmental organizations
The Gold Standard Foundation,Non-governmental organizations
The Japan Gas Association,Non-governmental organizations
The Kenya Climate Change Working Group Association,Non-governmental organizations
The Nature Conservancy,Non-governmental organizations
The Rockies Institute Ltd,Non-governmental organizations
The Royal Society,Non-governmental organizations
The Stanley Foundation,Non-governmental organizations
The State University of New York,Non-governmental organizations
The University of Arizona,Non-governmental organizations
The University of British Columbia,Non-governmental organizations
The University of Manchester,Non-governmental organizations
The University of Sheffield,Non-governmental organizations
The Woods Hole Research Center,Non-governmental organizations
TheCompensators,Non-governmental organizations
Third Generation Environmentalism,Non-governmental organizations
Third World Network,Non-governmental organizations
Tianda Institute,Non-governmental organizations
Transparency International,Non-governmental organizations
Transport Research Foundation,Non-governmental organizations
Tropical Forest Group,Non-governmental organizations
Trustees of Tufts College,Non-governmental organizations
"Tsinghua University, Global Climate Change Institute",Non-governmental organizations
"Turkish Foundation for Combating Soil Erosion, for Reforestation and the Protection of the Natural Habitats",Non-governmental organizations
U.S. Climate Action Network,Non-governmental organizations
U.S. Green Building Council,Non-governmental organizations
UiT The Arctic University of Norway,Non-governmental organizations
UNEP - Finance Initiative,Non-governmental organizations
UNICA - Brazilian Sugarcane Industry Association,Non-governmental organizations
Unión de Industriales para Saneamiento Cuencas Matanza Riachuelo y Reconquista,Non-governmental organizations
Unión Industrial Argentina,Non-governmental organizations
Union of Concerned Scientists,Non-governmental organizations
"Union of Public Organizations ""Russian Environmental Congress""",Non-governmental organizations
Unitarian Universalist Association,Non-governmental organizations
United Church of Canada,Non-governmental organizations
United Cities and Local Governments,Non-governmental organizations
United Kingdom Youth Climate Coalition Limited,Non-governmental organizations
United Methodist Church - General Board of Church and Society,Non-governmental organizations
United Mine Workers of America,Non-governmental organizations
United Nations Foundation,Non-governmental organizations
United Nations of Youth Network,Non-governmental organizations
Universidad Politécnica de Cataluña,Non-governmental organizations
Université Cadi Ayyad de Marrakech,Non-governmental organizations
Université de Montréal,Non-governmental organizations
Université Laval,Non-governmental organizations
Université Libre de Bruxelles,Non-governmental organizations
Université Mohammed V de Rabat,Non-governmental organizations
"University College Cork - National University of Ireland, Cork",Non-governmental organizations
University College London,Non-governmental organizations
"University Luigi Bocconi, Institute of Energy and Environment Economics and Policy",Non-governmental organizations
University of Zurich,Non-governmental organizations
University of Adelaide,Non-governmental organizations
University of Antwerp,Non-governmental organizations
University of Bayreuth,Non-governmental organizations
University of California,Non-governmental organizations
University of Cambridge,Non-governmental organizations
University of Cape Town,Non-governmental organizations
University of Cologne,Non-governmental organizations
University of Colorado at Boulder,Non-governmental organizations
University of Copenhagen,Non-governmental organizations
University of East Anglia,Non-governmental organizations
University of Eastern Finland,Non-governmental organizations
University of Edinburgh,Non-governmental organizations
University of Exeter,Non-governmental organizations
"University of Freiburg, Institute of Forest and Environmental Policy",Non-governmental organizations
University of Genoa,Non-governmental organizations
University of Gothenburg,Non-governmental organizations
University of Hamburg,Non-governmental organizations
University of Hawaii,Non-governmental organizations
University of Heidelberg,Non-governmental organizations
University of Iceland,Non-governmental organizations
University of Lapland,Non-governmental organizations
University of Leeds,Non-governmental organizations
University of Leuven,Non-governmental organizations
University of Linköping,Non-governmental organizations
"University of Maastricht, Institute for Transnational Legal Research",Non-governmental organizations
University of Maryland,Non-governmental organizations
University of Melbourne,Non-governmental organizations
University of Michigan,Non-governmental organizations
University of Minnesota,Non-governmental organizations
University of Modena and Reggio Emilia,Non-governmental organizations
University of Nijmegen,Non-governmental organizations
University of North Carolina,Non-governmental organizations
University of Notre Dame du Lac,Non-governmental organizations
University of Oslo,Non-governmental organizations
University of Oxford,Non-governmental organizations
University of Potsdam,Non-governmental organizations
University of Reading,Non-governmental organizations
University of Regina,Non-governmental organizations
University of Sussex - Sussex Energy Group,Non-governmental organizations
University of Technology Malaysia,Non-governmental organizations
University of Texas at Austin,Non-governmental organizations
University of the Sunshine Coast,Non-governmental organizations
University of Toronto,Non-governmental organizations
University of Twente,Non-governmental organizations
University of Vermont,Non-governmental organizations
University of Washington,Non-governmental organizations
Uppsala University,Non-governmental organizations
Vasudha Foundation,Non-governmental organizations
Verband Entwicklungspolitik Deutscher Nichtregierungs Organisationen,Non-governmental organizations
Verified Carbon Standard Association,Non-governmental organizations
Vermont Law School,Non-governmental organizations
Victoria University Wellington,Non-governmental organizations
Vikalp,Non-governmental organizations
Village Reconstruction and Development Project,Non-governmental organizations
Viracao Educommunication,Non-governmental organizations
Virginia Polytechnic Institute and State University,Non-governmental organizations
Wageningen University,Non-governmental organizations
Washington University,Non-governmental organizations
WaterAid,Non-governmental organizations
Watershed Organisation Trust,Non-governmental organizations
WeForest asbl,Non-governmental organizations
Welfare,Non-governmental organizations
Welthungerhilfe,Non-governmental organizations
Wetlands International,Non-governmental organizations
Wildlife Conservation Society,Non-governmental organizations
Winrock International,Non-governmental organizations
Women Environmental Programme,Non-governmental organizations
Women in Europe for a Common Future,Non-governmental organizations
Women Organizing for Change in Agriculture and Natural Resource Management,Non-governmental organizations
Women's Earth and Climate Caucus,Non-governmental organizations
Women's Environment and Development Organization,Non-governmental organizations
Women's International League for Peace and Freedom,Non-governmental organizations
World Alliance of Young Men's Christian Associations,Non-governmental organizations
World Bioenergy Association,Non-governmental organizations
World Business Council for Sustainable Development,Non-governmental organizations
World Coal Association,Non-governmental organizations
World Council of Churches,Non-governmental organizations
World Economic Forum,Non-governmental organizations
World Energy Council,Non-governmental organizations
World Farmers' Organisation,Non-governmental organizations
World Federation of Engineering Organizations,Non-governmental organizations
World Future Council,Non-governmental organizations
"World Green Building Council, Inc.",Non-governmental organizations
World Medical Association,Non-governmental organizations
World Nuclear Association,Non-governmental organizations
World Ocean Network,Non-governmental organizations
World Organization of the Scout Movement,Non-governmental organizations
World Resources Institute,Non-governmental organizations
World Steel Association,Non-governmental organizations
World Vision International,Non-governmental organizations
World Water Council,Non-governmental organizations
World Wind Energy Association,Non-governmental organizations
World Young Women's Christian Association,Non-governmental organizations
"Wuppertal Institute for Climate, Environment and Energy",Non-governmental organizations
WWF,Non-governmental organizations
Xiamen University,Non-governmental organizations
Yale University,Non-governmental organizations
York University,Non-governmental organizations
Young Energy Specialists - Development Cooperation,Non-governmental organizations
Young European Leadership,Non-governmental organizations
Youth Action Environmental Network Lower Saxony,Non-governmental organizations