,word,frequency
0,etc,321
1,yes,139
2,menu,81
3,i.e.,44
4,vs.,40
5,pro,40
6,recherche,33
7,facto,31
8,videos,31
9,bono,24
10,vte,22
11,map,20
12,espanÌƒol,19
13,van,19
14,.the,18
15,youll,17
16,passe,17
17,leau,16
18,lenvironnement,15
19,desarrollo,13
20,e.g,13
21,mines,13
22,luniversiteÌ,13
23,non,12
24,latin,12
25,e.g.,12
26,leurope,12
27,etc.,11
28,versie,10
29,admin,10
30,maÌs,10
31,+91,10
32,salud,9
33,rue,9
34,biodiversiteÌ,9
35,republika,9
36,.this,9
37,vida,9
38,verschenken,9
39,trabajo,8
40,lutte,8
41,officio,8
42,type,8
43,ville,8
44,website,7
45,organizaciones,7
46,marco,7
47,ecozystems,7
48,vie,7
49,nav,7
50,linstitut,7
51,tierra,7
52,conservacioÌn,7
53,join,7
54,estaÌ,6
55,financiamiento,6
56,programas,6
57,apoyo,6
58,souvenir,6
59,deÌveloppement,6
60,servicios,6
61,Ø¹Ø±Ø¨ÙŠ,6
62,doesnt,6
63,vue,6
64,investigacioÌn,6
65,lain,6
66,valoda,6
67,privacidad,6
68,mujeres,6
69,oops,6
70,economiÌa,6
71,vinna,6
72,bois,5
73,donneÌes,5
74,comercio,5
75,informacioÌn,5
76,oficial,5
77,empresas,5
78,derechos,5
79,commune,5
80,santeÌ,5
81,matieÌ€re,5
82,volunteer,5
83,droit,5
84,delle,5
85,say,5
86,avg,5
87,+/_layouts/hold.aspx,5
88,+/_layouts/reporting.aspx,5
89,+/_layouts/expirationconfig.aspx,5
90,visit,5
91,expert,5
92,gestioÌn,5
93,manejo,5
94,fonctionnaliteÌ,5
95,tierras,5
96,agosto,5
97,loieau,5
98,internationale,5
99,pesquisa,5
100,avenue,4
101,valeur,4
102,uso,4
103,seguridad,4
104,gmail.com,4
105,video,4
106,suivi,4
107,inteÌgreÌ,4
108,lautoriteÌ,4
109,servicio,4
110,demanda,4
111,energiÌa,4
112,+45,4
113,overall,4
114,dei,4
115,gemeinnuÌˆtzige,4
116,eius,4
117,prensa,4
118,klimabuendnis.at,4
119,masse,4
120,welcome,4
121,global,4
122,sociedad,4
123,recursos,4
124,lindustrie,4
125,paÌgina,4
126,mercado,4
127,basin,4
128,libros,4
129,mundo,4
130,staff,4
131,iclei.org,4
132,viverra,4
133,nisi,4
134,quam,4
135,economie,4
136,revistas,4
137,aceptacioÌn,4
138,larchitecture,4
139,oeuvre,4
140,biodigesteurs,4
141,Â©2021,4
142,eÌtudiants,4
143,liderazgo,4
144,scierie,3
145,base,3
146,aÌreas,3
147,nombre,3
148,pequenÌƒos,3
149,creacioÌn,3
150,amplia,3
151,pobreza,3
152,canÌƒa,3
153,pesca,3
154,institucioÌn,3
155,prep,3
156,elaboracin,3
157,colaboracin,3
158,materia,3
159,investigacin,3
160,produccin,3
161,proteccioÌn,3
162,defensa,3
163,partenariat,3
164,peche,3
165,seÌcuriteÌ,3
166,visages,3
167,pays,3
168,top,3
169,fornecer,3
170,euro,3
171,aupreÌ€s,3
172,lhomme,3
173,communauteÌ,3
174,recherches,3
175,biodiversidad,3
176,voie,3
177,well,3
178,klimabuendnis.ch,3
179,workshop,3
180,paysanne,3
181,movilizacin,3
182,todas,3
183,organiz,3
184,kenya,3
185,nec,3
186,lorangerie,3
187,comte,3
188,duc,3
189,lhoÌ‚tel,3
190,noon,3
191,lafrique,3
192,energypedia,3
193,objectifs,3
194,ert.eu,3
195,equip,3
196,æ—¥æœ¬èª,3
197,á„’á…¡á†«á„€á…®á†¨á„‹á…¥,3
198,marrakech,3
199,sono,3
200,participacioÌn,3
201,issuu,3
202,manera,3
203,perspectiva,3
204,pandemia,3
205,omnibus,3
206,melissa.willey,3
207,europeÌen,3
208,eÌconomie,3
209,impacto,3
210,poliÌtica,3
211,soberaniÌa,3
212,septiembre,3
213,buenas,3
214,maio,3
215,....,3
216,lonburnam,3
217,lross,3
218,amigos,3
219,demande,3
220,reÌussite,3
221,paradigma,3
222,naturaleza,3
223,reseauactionclimat.org,3
224,marcheÌ,3
225,reproductiva,3
226,euraxss,3
227,deÌpoÌ‚t,3
228,view,3
229,denginyeria,3
230,lenseignement,3
231,luniversitÃ©,3
232,nellerba,3
233,omarmt,3
234,wereld,3
235,klassieke,3
236,maar,3
237,zoekt,3
238,ook,3
239,grenzen,3
240,met,3
241,faim,3
242,sub,3
243,lunesco,3
244,reÌponse,2
245,confidentialiteÌ,2
246,durable,2
247,laqueduc,2
248,per,2
249,jaws,2
250,alumni,2
251,ç®€ä½“ä¸­æ–‡,2
252,a.m.,2
253,educacioÌn,2
254,usuario,2
255,contrasenÌƒa,2
256,electroÌnico,2
257,tratamiento,2
258,gobernanza,2
259,poliÌticas,2
260,autoriÌa,2
261,exoÌgena,2
262,azuÌcar,2
263,vacuna,2
264,sistemas,2
265,primer,2
266,lado,2
267,â€”of,2
268,residuos,2
269,preparacin,2
270,emergencia,2
271,asociacin,2
272,energa,2
273,presidente,2
274,medios,2
275,difusioÌn,2
276,fuerza,2
277,web,2
278,varias,2
279,regioÌn,2
280,projets,2
281,sefrou,2
282,retraiteurs,2
283,eÌcologique,2
284,promouvoir,2
285,deÌveloppejment,2
286,roÌ‚le,2
287,skin,2
288,à¤…à¤°à¥à¤¥à¤¾à¤¤,2
289,dia,2
290,voceÌ‚,2
291,terceiros,2
292,desativar,2
293,alguns,2
294,navegacÌ§aÌƒo,2
295,webinar,2
296,app,2
297,economics,2
298,nono,2
299,migliori,2
300,arcy,2
301,perestroika,2
302,nationale,2
303,diversiteÌ,2
304,nature,2
305,nationales,2
306,physique,2
307,leurs,2
308,naturelle,2
309,lagronomie,2
310,plusieurs,2
311,meÌdecine,2
312,francÌ§ais,2
313,socieÌteÌ,2
314,dos,2
315,alimentos,2
316,gender,2
317,organismes,2
318,parallel,2
319,oeko.lu,2
320,mniÌ,2
321,seÌcheresse,2
322,plein,2
323,read,2
324,premier,2
325,mobiliteÌ,2
326,contacto,2
327,coordinadora,2
328,abril,2
329,modelo,2
330,acuerdo,2
331,organizacin,2
332,estrategia,2
333,polticas,2
334,notebook,2
335,furthermore,2
336,model,2
337,eco,2
338,verde,2
339,+49,2
340,prior,2
341,leÌcole,2
342,biologie,2
343,casos,2
344,travail,2
345,equiterre.org,2
346,subsides,2
347,movimiento,2
348,vis,2
349,swissinfo.ch,2
350,almost,2
351,lautomobile,2
352,æ­£é«”ä¸­æ–‡,2
353,preparacioÌn,2
354,vente,2
355,esprit,2
356,corps,2
357,misioÌn,2
358,alta,2
359,ciudadanos,2
360,generacioÌn,2
361,soluciones,2
362,extincioÌn,2
363,provincias,2
364,fondo,2
365,historia,2
366,empresaclima.org,2
367,confluencia,2
368,pandeÌmie,2
369,lindice,2
370,mass,2
371,partidarios,2
372,diskusioÌn,2
373,acerca,2
374,viaje,2
375,proyecto,2
376,vivienda,2
377,mieux,2
378,modeÌ€le,2
379,chaleur,2
380,pdf,2
381,leÌnergie,2
382,lopÃ©ra,2
383,datos,2
384,sauÌde,2
385,violencia,2
386,mdy,2
387,consulta,2
388,eaux,2
389,fer,2
390,-3817-7111,2
391,write,2
392,lunion,2
393,nel,2
394,inversioÌn,2
395,estaÌn,2
396,visa,2
397,ehs.unu.edu,2
398,year,2
399,wilhelmus,2
400,bankbrev,2
401,medlem,2
402,eÌtranger,2
403,propongo,2
404,bordado,2
405,mujer,2
406,ndjekÃ«s,2
407,mise,2
408,messagerie,2
409,nombreux,2
410,sigle,2
411,.key,2
412,mondial,2
413,presse,2
414,capacidad,2
415,praÌcticas,2
416,legislativas,2
417,promoviendo,2
418,grabadas,2
419,ensenÌƒanza,2
420,occupy,2
421,carne,2
422,apoiar,2
423,desmatamento,2
424,ministro,2
425,lenergie,2
426,st.,2
427,motivamos,2
428,desarrollamos,2
429,cambio,2
430,upgrade,2
431,conte,2
432,parc,2
433,frais,2
434,port,2
435,vacunas,2
436,entrenamiento,2
437,intercultural,2
438,liderato,2
439,dois,2
440,educao,2
441,atividades,2
442,ecoi.net,2
443,fr|francÌ§ais,2
444,es|espanÌƒol,2
445,lookin,2
446,leÌquiteÌ,2
447,fiscaliteÌ,2
448,manieÌ€re,2
449,employeÌs,2
450,markup,2
451,botella,2
452,naar,2
453,inhoud,2
454,libre,2
455,bruxelles,2
456,vivre,2
457,-hyderabad,2
458,tamouls,2
459,pepper,1
460,environment,1
461,specifika,1
462,kunskaper,1
463,och,1
464,nationella,1
465,nancy.ette,1
466,meÌteÌorologie,1
467,gommes,1
468,donneÌs,1
469,doneÌes,1
470,propos,1
471,lieÌes,1
472,dam,1
473,bruoc,1
474,sella,1
475,loeacp,1
476,earth,1
477,mobilizes,1
478,deo,1
479,participar,1
480,Â°challenge,1
481,monitoreo,1
482,liderado,1
483,youth,1
484,dentro,1
485,productiva,1
486,ğŸ‘ğŸ½ğŸ§‘ğŸ½â€ğŸŒ¾ğŸŒ±ğŸ«,1
487,environmentalista,1
488,variedad,1
489,productos.sitio,1
490,estrategias,1
491,excelencia,1
492,dividida,1
493,cachaza,1
494,alimentacioÌn,1
495,tilapia,1
496,criÌa,1
497,variedades,1
498,presa,1
499,cana,1
500,azucar,1
501,equinos,1
502,cria,1
503,leche,1
504,america,1
505,latina,1
506,escrito,1
507,orden,1
508,documentos,1
509,cumplimiento,1
510,segunda,1
511,reunin,1
512,revisin,1
513,disminucin,1
514,volumen,1
515,radiactivos,1
516,generados,1
517,operacin,1
518,firma,1
519,convenios,1
520,actuacin,1
521,planificacin,1
522,viene,1
523,elaborando,1
524,presentando,1
525,desclasificacin,1
526,distintos,1
527,informe,1
528,participado,1
529,dicho,1
530,proyectos,1
531,misin,1
532,electricidad,1
533,progreso,1
534,adopcin,1
535,presentacin,1
536,fusin,1
537,participacin,1
538,entidades,1
539,espaolas,1
540,laboratorios,1
541,analizar,1
542,aportacin,1
543,vehculos,1
544,garanta,1
545,evacuacin,1
546,elica,1
547,encargado,1
548,normalizacin,1
549,fomenta,1
550,transmisin,1
551,ideas,1
552,ostenta,1
553,valle,1
554,validacioÌn,1
555,filtros,1
556,comunicacioÌn,1
557,supuestas,1
558,calificacioÌn,1
559,medicamentos,1
560,financiacioÌn,1
561,mediados,1
562,cuotas,1
563,gastos,1
564,mantenimiento,1
565,asociacioÌn,1
566,totalidad,1
567,praÌctica,1
568,objetivo,1
569,defender,1
570,correo,1
571,etats,1
572,travaille,1
573,organes,1
574,sefrou.les,1
575,novembre,1
576,creÌateurs,1
577,sebou,1
578,neutraliteÌ,1
579,waterfall,1
580,monde,1
581,exige,1
582,mondiale,1
583,canton,1
584,bogomoro,1
585,lambassade,1
586,lonu,1
587,linseÌcuriteÌ,1
588,musique,1
589,liftambassade,1
590,vrai,1
591,reÌ€gles,1
592,leuropeâ€Û²Ù¬Û°Û²Û³â€,1
593,know,1
594,permet,1
595,eÌtat,1
596,faune,1
597,lespagnol,1
598,lhormone,1
599,lorge,1
600,lignin,1
601,srls,1
602,essere,1
603,octa,1
604,~0.1,1
605,zone,1
606,ressources,1
607,reÌgion.afin,1
608,lalg,1
609,deÌfis,1
610,stabiliteÌ,1
611,vulneÌrabiliteÌ,1
612,principaux,1
613,dirigentes,1
614,electo,1
615,ultraderecha,1
616,sube,1
617,ola,1
618,protestas,1
619,vacunacioÌn,1
620,inflexioÌn,1
621,frente,1
622,referencia,1
623,dornithologie,1
624,à¤¬à¤¨à¤¨à¤¾,1
625,viÌdeos,1
626,.leadership,1
627,nee,1
628,portalvte,1
629,great,1
630,â€¢eucalc,1
631,lockdowns,1
632,mengawasi,1
633,produccioÌn,1
634,deben,1
635,reÌcente,1
636,paludisme,1
637,logo,1
638,echoed,1
639,alaushkin,1
640,caritas,1
641,enviros.,1
642,liquÃ©es,1
643,lehess,1
644,reÌgie,1
645,juristes,1
646,economique,1
647,encourager,1
648,aider,1
649,elles,1
650,eÌconomique,1
651,leÌtoile,1
652,langue,1
653,mixte,1
654,directeur,1
655,nucleÌaire,1
656,ophysique,1
657,priori,1
658,euros,1
659,soutenir,1
660,niveau,1
661,compleÌmentariteÌ,1
662,objets,1
663,eÌquipes,1
664,montpellieÌraines,1
665,linra,1
666,durabiliteÌ,1
667,milieu,1
668,valorisation,1
669,biomasse,1
670,dureÌe,1
671,dispositifs,1
672,syntheÌ€se,1
673,charbon,1
674,loi,1
675,eco-eficiencia,1
676,agricultura,1
677,yuca,1
678,varios,1
679,grupos,1
680,franja,1
681,agriÌcola,1
682,p.9,1
683,â–ºthe,1
684,lentreprise,1
685,lemploi,1
686,creÌdit,1
687,Çƒke,1
688,Ç€xarra,1
689,Çke,1
690,Ç€xam,1
691,algeÌrienne,1
692,lux,1
693,govt,1
694,satisfy,1
695,nina,1
696,veerle,1
697,elif,1
698,finalizacioÌn,1
699,postergacioÌn,1
700,klimab,1
701,overdeveloped.eu,1
702,.read,1
703,outputs,1
704,provost,1
705,eÌcole,1
706,pyreÌneÌenne,1
707,liens,1
708,loise,1
709,soutien,1
710,ler,1
711,login,1
712,education,1
713,Ã­Ã±igo,1
714,sustentabilidad,1
715,integrada,1
716,negocio,1
717,permite,1
718,expectativas,1
719,empre,1
720,enjeux,1
721,conocimientos,1
722,miembro,1
723,aceite,1
724,oliva,1
725,asegura,1
726,parte,1
727,televisin,1
728,artculos,1
729,productores,1
730,menos,1
731,normas,1
732,europarl.europa.eu,1
733,obtienen,1
734,biocombustibles,1
735,elevar,1
736,ingresos,1
737,existencia,1
738,asesora,1
739,diversos,1
740,seguimiento,1
741,humanos,1
742,enero,1
743,desenvolvimento,1
744,rik,1
745,hierna,1
746,vermelde,1
747,leden,1
748,heer,1
749,europeanevaluation.org,1
750,entreprise,1
751,gÃªneroequidade,1
752,csi,1
753,â€deutsch,1
754,â€espanÌƒol,1
755,dipendenti,1
756,oggi,1
757,organizzato,1
758,ripresa,1
759,promuovere,1
760,soprattutto,1
761,spesso,1
762,neutralitaÌ€,1
763,degrado,1
764,ğŸ‘©â€ğŸŒ¾,1
765,empresa,1
766,eÌxito,1
767,amituofo,1
768,cs1,1
769,ways,1
770,lacrosse,1
771,.universal,1
772,.photo,1
773,needs.all,1
774,dios,1
775,daleÌ€s,1
776,eÌcoles,1
777,lair,1
778,savoirs,1
779,chimie,1
780,sociales,1
781,lantiquiteÌ,1
782,eÌcologie,1
783,theÌorie,1
784,analyze,1
785,moderniteÌ,1
786,lecole,1
787,mois,1
788,lens,1
789,lan,1
790,ensalada,1
791,marca,1
792,louest,1
793,estimateâ€¢,1
794,anglophone,1
795,p.107,1
796,reÌforme,1
797,ukraine,1
798,entiteÌs,1
799,relacionadas,1
800,endatiersmonde.org,1
801,-eef,1
802,-seap,1
803,-eurometaux,1
804,facÌ§on,1
805,contrats,1
806,meÌthodologie,1
807,planta,1
808,optimize,1
809,background,1
810,strateÌgie,1
811,industrielle,1
812,bios,1
813,çº¿ä¸Šè¯¾ç¨‹,1
814,é«˜æ•ˆè¾“å‡º,1
815,motto,1
816,â‚¬711,1
817,dralika,1
818,andar,1
819,productivo,1
820,visitors._ga,1
821,animaux,1
822,compagnie,1
823,victimes,1
824,subscribe,1
825,com,1
826,gruppo,1
827,popolazioni,1
828,esq,1
829,british,1
830,englishcymraeg,1
831,kauri,1
832,low,1
833,garbageleza,1
834,regionâ€”where,1
835,caÌ‚bles,1
836,preÌsident,1
837,leÌlectriciteÌ,1
838,leÌlectronique,1
839,lartisanat,1
840,odor,1
841,ecoschools.global,1
842,revoir,1
843,reÌformer,1
844,changer,1
845,nationÂ­alÂ­ly,1
846,â‚¬294,1
847,ermoÌˆglicht,1
848,neuer,1
849,oÌˆffentlichen,1
850,mass/mega,1
851,impulsar,1
852,ecosistemas,1
853,marinos,1
854,dinaÌmica,1
855,forma,1
856,significativa,1
857,capacidades,1
858,sostenibilidad,1
859,promover,1
860,equipo,1
861,expertos,1
862,incentivos,1
863,mejoramiento,1
864,multimedia,1
865,transformar,1
866,surten,1
867,agua,1
868,protegidas,1
869,privadas,1
870,organizacioÌn,1
871,mediacioÌn,1
872,realizado,1
873,comunidad,1
874,caso,1
875,especialistas,1
876,demandas,1
877,formulacioÌn,1
878,poblacioÌn,1
879,-0.8749,1
880,vertebrados,1
881,utiliza,1
882,capacitacioÌn,1
883,humedales,1
884,aves,1
885,amenazadas,1
886,diversidad,1
887,bioloÌgica,1
888,junio,1
889,indiÌgenas,1
890,mediante,1
891,promotoras,1
892,mueve,1
893,eventos,1
894,presencia,1
895,lideresas,1
896,organizado,1
897,febrero,1
898,hora,1
899,acceder,1
900,trata,1
901,nias,1
902,establecimiento,1
903,vestidas,1
904,blanco,1
905,encuentros,1
906,llevar,1
907,voluntad,1
908,poltica,1
909,perseverar,1
910,integracin,1
911,menor,1
912,emisiones,1
913,cuenta,1
914,twitter,1
915,terceros,1
916,recogida,1
917,estadiÌsticas,1
918,navegacioÌn,1
919,estaÌs,1
920,pulsa,1
921,sexualidades,1
922,personas,1
923,defensoras,1
924,afectadas,1
925,escuelas,1
926,ncesa,1
927,gravedad,1
928,visita,1
929,noviembre,1
930,gauche,1
931,nationalacademies.org,1
932,à¦ªà§à¦°à¦¤à¦¿à¦°à§‡à¦¾à¦§à§‡,1
933,",samitirbazar",1
934,",gaibandha",1
935,",kazirhat",1
936,entwickelt,1
937,erklaÌˆrt,1
938,wichtigte,1
939,bwp,1
940,vzbv,1
941,enervis,1
942,docip.org,1
943,-goodluck,1
944,xito,1
945,incinceracin,1
946,_______________________________________________________________________________,1
947,max,1
948,veroniki,1
949,melissa,1
950,lectores,1
951,versioÌn,1
952,portugueÌs,1
953,luego,1
954,marcha,1
955,agendas,1
956,democratizacioÌn,1
957,.we,1
958,forums,1
959,compartilhar,1
960,magna,1
961,lecologie,1
962,greek,1
963,boulevard,1
964,emissions,1
965,ä»™åŸ/äº”ä»™åŸ,1
966,protesta,1
967,propuesta,1
968,nueva,1
969,moradia,1
970,reduccioÌn,1
971,more.banner,1
972,listen,1
973,life,1
974,sauveÌs,1
975,portos,1
976,amont,1
977,biens,1
978,faire,1
979,opeÌrationnelle,1
980,froid,1
981,agronomique,1
982,matheÌmatiques,1
983,appliqueÌes,1
984,geÌnie,1
985,deÌlectromeÌtallurgie,1
986,radioeÌlectriciteÌ,1
987,langues,1
988,nanotecnologie,1
989,doctum,1
990,supin,1
991,docere,1
992,onyx,1
993,buÌsqueda,1
994,estadiÌsticos,1
995,noticias,1
996,publicacioÌn,1
997,explotacioÌn,1
998,tecnologiÌas,1
999,abierta,1
1000,vinculada,1
1001,erfahren,1
1002,kannst,1
1003,cafeÌ,1
1004,oÌleos,1
1005,essenciais,1
1006,baixo,1
1007,populacÌ§oÌƒes,1
1008,aÌ‚â‚¬Å“sistema,1
1009,viabilizar,1
1010,aruanaÌƒs,1
1011,problemaÌtica,1
1012,resguardo,1
1013,-900,1
1014,mensuracÌ§aÌƒo,1
1015,meÌtricas,1
1016,semanais,1
1017,conteuÌdo,1
1018,monitoramento,1
1019,redes,1
1020,nas,1
1021,merci,1
1022,veÌrifier,1
1023,lucha,1
1024,motivo,1
1025,apertura,1
1026,denominada,1
1027,semana,1
1028,-82.76082439,1
1029,-82.79758,1
1030,-81.0173416,1
1031,-80.69798,1
1032,-81.33506,1
1033,-80.17108,1
1034,solucÌ§aÌƒo,1
1035,facilitacioÌn,1
1036,yyyy,1
1037,dactuaris,1
1038,/user,1
1039,loif,1
1040,brechas,1
1041,nativa,1
1042,outreach,1
1043,mbalgos,1
1044,pest,1
1045,vehiÌculos,1
1046,cryosphere,1
1047,identidad,1
1048,setembro,1
1049,declaracioÌn,1
1050,abierto,1
1051,izquierda,1
1052,mayo,1
1053,junta,1
1054,reunioÌn,1
1055,promocioÌn,1
1056,bassin,1
1057,riob.com,1
1058,eau,1
1059,milieux,1
1060,calculs,1
1061,metricsa,1
1062,Î¹ÌÏƒÎ¿Ï‚,1
1063,peatlands.org,1
1064,nenu.edu.cn,1
1065,yahoo.com,1
1066,southernmost,1
1067,chaos,1
1068,.rio,1
1069,frein,1
1070,mateÌriau,1
1071,conformiteÌ,1
1072,uic,1
1073,previo,1
1074,registro,1
1075,Â¡les,1
1076,esperamos,1
1077,trascendencia,1
1078,pueblos,1
1079,presidenta,1
1080,haber,1
1081,adopcioÌn,1
1082,reactivacioÌn,1
1083,econoÌmica,1
1084,torno,1
1085,recours,1
1086,geographer,1
1087,laptopâ€”or,1
1088,ulteriori,1
1089,ã«ã£ã»ã‚šã‚“ã“ãã›ã„ãµ,1
1090,å°æ³‰æ°ã€Œè³›å¦è¨€ã†ã¸ã‚™ããŸã‚™ã€,1
1091,å¼è­·å£«,1
1092,å¸æ³•è©¦é¨“,1
1093,å¼è­·å£«ä¼š,1
1094,å¤–å›½æ³•äº‹å‹™å¼è­·å£«,1
1095,liaisons,1
1096,lissu,1
1097,cette,1
1098,deÌmocratie,1
1099,ebrary.net,1
1100,license,1
1101,koalÑ–tsÑ–ya,1
1102,maglev,1
1103,.its,1
1104,engl,1
1105,ç¤¾ä¸­ã®å”åŠ›,1
1106,poet,1
1107,nonprofit,1
1108,ØªØ­ÙˆÙ„Ø§Øª,1
1109,â‚¬155,1
1110,tori,1
1111,karaoke,1
1112,get,1
1113,quote,1
1114,Ù…ÙØµØ±,1
1115,gun,1
1116,negotiations.lri,1
1117,voabangla.com,1
1118,miliardi,1
1119,biblioteca,1
1120,gazelle,1
1121,ventana,1
1122,oportunidad,1
1123,liÌmite,1
1124,aumento,1
1125,temperatura,1
1126,mejor,1
1127,consultoriÌa,1
1128,transformacioÌn,1
1129,nexos+1,1
1130,gasses,1
1131,efecto,1
1132,guiÌas,1
1133,metas,1
1134,montagne,1
1135,mascarillas,1
1136,mascarilla,1
1137,manÌƒana,1
1138,eÌtudes,1
1139,luminositeÌ,1
1140,vouÌ‚te,1
1141,eÌtoileÌe,1
1142,lumieÌ€re,1
1143,lune,1
1144,pleine,1
1145,astre,1
1146,academic,1
1147,excl,1
1148,mcgill.ca,1
1149,âˆ™âˆ™âˆ™5,1
1150,back,1
1151,campus,1
1152,micro,1
1153,ecoact.org.ua,1
1154,saffron,1
1155,julian,1
1156,naturschutzbund,1
1157,nexus,1
1158,.study,1
1159,ski,1
1160,organ,1
1161,moreover,1
1162,minaÌˆ,1
1163,plants:16,1
1164,gonagasriika,1
1165,naturvernforbundet.no,1
1166,leisure.if,1
1167,novo,1
1168,environnement,1
1169,polyclinique,1
1170,virtual,1
1171,jornada,1
1172,extraÃ±ando,1
1173,amcera,1
1174,presenciar,1
1175,acto,1
1176,plena,1
1177,chava,1
1178,tercera,1
1179,edad,1
1180,enfrentar,1
1181,positiva,1
1182,situacioÌn,1
1183,enfrentamos,1
1184,novia,1
1185,no.202918,1
1186,heÌritieÌ€re,1
1187,institutionnelle,1
1188,reÌseau,1
1189,reÌgionale,1
1190,essentiel,1
1191,leÌconomie,1
1192,~200,1
1193,muestra,1
1194,entiendas,1
1195,finalidad,1
1196,construccioÌn,1
1197,ficcioÌn,1
1198,anuncios,1
1199,francophonie,1
1200,parlementaires,1
1201,including:1961,1
1202,ode,1
1203,multiparty,1
1204,citoyens,1
1205,chaque,1
1206,rendre,1
1207,journeÌe,1
1208,engageÌs,1
1209,reÌveÌrende,1
1210,sÅ“ur,1
1211,famille,1
1212,peÌ€res,1
1213,membre,1
1214,partenaire,1
1215,organisme,1
1216,traitement,1
1217,atteindre,1
1218,certains,1
1219,citoyen,1
1220,ordinaire,1
1221,notice,1
1222,waste,1
1223,lusoÌfono,1
1224,verbs,1
1225,siege,1
1226,mawtÌ£iniÌ„,1
1227,viz,1
1228,origi,1
1229,mundi,1
1230,moisten,1
1231,myth,1
1232,today,1
1233,personuppgifter,1
1234,nouveaux,1
1235,sauvegarde,1
1236,eÌtend,1
1237,coÌ‚te,1
1238,mer,1
1239,detat,1
1240,lacceÌleÌrateur,1
1241,nom,1
1242,reÌgion.,1
1243,dernieÌ€re,1
1244,renforcer,1
1245,tous,1
1246,eÌnergie,1
1247,cesse,1
1248,travailler,1
1249,long,1
1250,perte,1
1251,pauvreteÌ,1
1252,Å“uvre,1
1253,nature.note,1
1254,presse.ce,1
1255,exeÌcutif,1
1256,senÌƒor,1
1257,ley,1
1258,iniciativa,1
1259,eficiencia,1
1260,papel,1
1261,you,1
1262,rodiny,1
1263,osoby,1
1264,amis,1
1265,obreras,1
1266,europea,1
1267,sindicatos,1
1268,montfort,1
1269,precis,1
1270,petroÌleo,1
1271,ecologica,1
1272,argentina,1
1273,etoecologiÌa,1
1274,estudios,1
1275,/95,1
1276,professeurs,1
1277,.to,1
1278,.forest,1
1279,pefc,1
1280,cvba,1
1281,oop,1
1282,fiber,1
1283,inscribe,1
1284,mirar,1
1285,pensamiento,1
1286,influencia,1
1287,kcmsystem.svg,1
1288,straw,1
1289,northeast,1
1290,.new,1
1291,poesiÌa,1
1292,estilo,1
1293,hierbabuena.,1
1294,evidencia,1
1295,said.rio,1
1296,å¾·å›½å¼ƒæ ¸,1
1297,å…ˆé©±è¿˜æ˜¯å…ˆçƒˆ,1
1298,......,1
1299,kit,1
1300,the,1
1301,lettre,1
1302,aÌgua,1
1303,eÌgaliteÌ,1
1304,genre,1
1305,reÌdacteursÂ·rices,1
1306,propositions,1
1307,propositions/proposal,1
1308,projet,1
1309,eÌmissions,1
1310,gaz,1
1311,effet,1
1312,serre,1
1313,seatrustlogo,1
1314,yahoo,1
1315,programa,1
1316,alianza,1
1317,educativa,1
1318,iberoamericana,1
1319,apuesta,1
1320,celebracioÌn,1
1321,descenso,1
1322,enviÌo,1
1323,relaciones,1
1324,fontenoy,1
1325,adminandlegal,1
1326,preÌsumeÌ,1
1327,coup,1
1328,deÌtat,1
1329,persistante,1
1330,prioriteÌ,1
1331,accordeÌe,1
1332,qirsh,1
1333,Ø¯ÙŠÙ†Ø§Ø±,1
1334,Ø¬Ø²Ø§ÙŠÙ”Ø±ÙŠ,1
1335,kelantanese,1
1336,ouguiya,1
1337,Ø¹ÙØ±ÙØ¨ÙÙŠÙ‘â€,1
1338,-3497-7600,1
1339,-571-1019,1
1340,adour,1
1341,venta,1
1342,mediacin,1
1343,provisin,1
1344,concientizacin,1
1345,personalidad,1
1346,funcionarios,1
1347,gama,1
1348,actividades,1
1349,inmigracin,1
1350,procurar,1
1351,determinar,1
1352,artstico,1
1353,igualdad,1
1354,gnero,1
1355,llevado,1
1356,inclusin,1
1357,prctica,1
1358,teora,1
1359,estilos,1
1360,formacin,1
1361,equipos,1
1362,economas,1
1363,escala,1
1364,edificios,1
1365,necesidad,1
1366,comunicacin,1
1367,entramado,1
1368,incorporacin,1
1369,enfoque,1
1370,esfera,1
1371,reproductivos,1
1372,puedan,1
1373,salas,1
1374,audiencia,1
1375,trminos,1
1376,tecnologa,1
1377,democracia,1
1378,eliminacin,1
1379,formas,1
1380,diskriminacin,1
1381,marmite,1
1382,kanji,1
1383,artiÌculos,1
1384,gretchenf,1
1385,sierraclub.ca,1
1386,garden,1
1387,sjohambaabajimission.com,1
1388,â€”were,1
1389,outubro,1
1390,sociedade,1
1391,seqestro,1
1392,carbono,1
1393,hectares,1
1394,florestas,1
1395,reas,1
1396,nativas,1
1397,aes,1
1398,modelos,1
1399,campo,1
1400,guardas,1
1401,desenvolvidas,1
1402,parceria,1
1403,solo,1
1404,cada,1
1405,mudanas,1
1406,diversificao,1
1407,emprego,1
1408,regio,1
1409,monitora,1
1410,vuole,1
1411,presente,1
1412,builds,1
1413,lexplorateur,1
1414,queÌ‚te,1
1415,corner,1
1416,norfund_,1
1417,stand,1
1418,fr|franÃ§ais,1
1419,es|espaÃ±ol,1
1420,knowledge,1
1421,nicolai.schaaf,1
1422,maggie.white,1
1423,elizabeth.yaari,1
1424,acÌ§oÌƒes,1
1425,educacÌ§aÌƒo,1
1426,espacios,1
1427,trabajar,1
1428,herramientas,1
1429,uÌltima,1
1430,moderno,1
1431,lleno,1
1432,empleados,1
1433,mito,1
1434,abaratar,1
1435,largo,1
1436,gaÌŠva,1
1437,quae,1
1438,velud,1
1439,equis,1
1440,sistema,1
1441,gestacioÌn,1
1442,eÌtica,1
1443,positiven,1
1444,kindfor,1
1445,taiwanese,1
1446,tamaynut,1
1447,royal,1
1448,releÌ€ve,1
1449,partout,1
1450,moyens,1
1451,premieÌ€re,1
1452,politique,1
1453,seÌcuriser,1
1454,pasteurs,1
1455,indicateurs,1
1456,verify,1
1457,nyheder,1
1458,nyhedsbrev,1
1459,label,1
1460,offset.by,1
1461,oncha,1
1462,eÌducatif,1
1463,misokinesiaâ€”or,1
1464,link,1
1465,âˆ™âˆ™âˆ™1,1
1466,reservados,1
1467,lay,1
1468,vol,1
1469,episcopos,1
1470,mercy,1
1471,dedificaciÃ³,1
1472,dedificaciÃ³n,1
1473,darquitectura,1
1474,laeronaÌ€utica,1
1475,lespai,1
1476,epopeya,1
1477,â€Ù‚ØªØ§Ù„â€,1
1478,lespluga,1
1479,.green,1
1480,enrollment.if,1
1481,diplomat,1
1482,antwerpen,1
1483,ucsia,1
1484,knowledgeâ€”from,1
1485,diverse,1
1486,yankee,1
1487,enjoy,1
1488,auld,1
1489,superba,1
1490,kuÌ„,1
1491,Â£1.23bn,1
1492,professors.what,1
1493,+46,1
1494,genius,1
1495,often,1
1496,viva,1
1497,aulis,1
1498,bulbs,1
1499,obsidione,1
1500,bello,1
1501,econo,1
1502,establishments.for,1
1503,del,1
1504,Ù…Ø³ØªØ¬Ø¯Ø§Øª,1
1505,Ù‚Ø¶ÙŠØ©,1
1506,Ø§Ù„ÙˆØ­Ø¯Ø©,1
1507,Ø§Ù„ØªØ±Ø§Ø¨ÙŠØ©,1
1508,Ù„Ù„Ù…Ù„ÙƒØ©,1
1509,Ø§Ù„Ù…ØºØ±Ø¨ÙŠØ©,1
1510,Ø¶ÙˆØ¡,1
1511,Ù‚Ø±Ø§Ø±Ø§Øª,1
1512,Ø§Ù„Ø§Ù…Ù…,1
1513,Ø§Ù„Ù…ØªØ­Ø¯Ø©,1
1514,Ø§Ù„Ù…Ø¹Ø§Ù„Ø¬Ø©,1
1515,Ø§Ù„Ø§Ø¹Ù„Ø§Ù…ÙŠØ©,1
1516,girdle,1
1517,technologie,1
1518,lart,1
1519,lexpertise,1
1520,lalimentation,1
1521,laeÌronautique,1
1522,lespace,1
1523,ÑĞ½Ğ²Ğ°Ñ€Ñ,1
1524,leÌgypte,1
1525,loisirs,1
1526,douze,1
1527,transport,1
1528,toponymie,1
1529,eÌtudiante,1
1530,maiÌ‚trise,1
1531,doctorat,1
1532,veritas,1
1533,urbe,1
1534,orbe,1
1535,haga,1
1536,agenti,1
1537,ons,1
1538,gelre,1
1539,aan,1
1540,water,1
1541,deÌfi,1
1542,multidimensionnelle,1
1543,preÌsente,1
1544,nouvelles,1
1545,savoir,1
1546,ouÌ€,1
1547,niveaux,1
1548,wecf,1
1549,+22899311044,1
1550,kimiya,1
1551,independientemente,1
1552,mismas,1
1553,organismos,1
1554,respuesta,1
1555,mundial,1
1556,geÌnero,1
1557,paz,1
1558,vidas,1
1559,millones,1
1560,-india-indonesia-japan-korea,1
1561,utca,1
1562,Ğ¾Ğ·ĞµÑ€Ğ¾,1
1563,divest,1
1564,katie.schlick,1
1565,alum,1
1566,militia,1
1567,unfccc,1
1568,lapoÌ‚tre,1
1569,infancia,1
