name,entity_type
Afghanistan,Parties
Albania,Parties
Algeria,Parties
Andorra,Parties
Angola,Parties
Antigua and Barbuda,Parties
Argentina,Parties
Armenia,Parties
Australia,Parties
Austria,Parties
Azerbaijan,Parties
Bahamas,Parties
Bahrain,Parties
Bangladesh,Parties
Barbados,Parties
Belarus,Parties
Belgium,Parties
Belize,Parties
Benin,Parties
Bhutan,Parties
Bolivia (Plurinational State of),Parties
Bosnia and Herzegovina,Parties
Botswana,Parties
Brazil,Parties
Brunei Darussalam,Parties
Bulgaria,Parties
Burkina Faso,Parties
Burundi,Parties
Cabo Verde,Parties
Cambodia,Parties
Cameroon,Parties
Canada,Parties
Central African Republic,Parties
Chad,Parties
Chile,Parties
China,Parties
Colombia,Parties
Comoros,Parties
Congo,Parties
Cook Islands,Parties
Costa Rica,Parties
Côte d’Ivoire,Parties
Croatia,Parties
Cuba,Parties
Cyprus,Parties
Czech Republic,Parties
Democratic People’s,Parties
Republic of Korea,Parties
Democratic Republic of the Congo,Parties
Denmark,Parties
Djibouti,Parties
Dominica,Parties
Dominican Republic,Parties
Ecuador,Parties
Egypt,Parties
El Salvador,Parties
Equatorial Guinea,Parties
Eritrea,Parties
Estonia,Parties
Ethiopia,Parties
European Union,Parties
Fiji,Parties
Finland,Parties
France,Parties
Gabon,Parties
Gambia,Parties
Georgia,Parties
Germany,Parties
Ghana,Parties
Greece,Parties
Grenada,Parties
Guatemala,Parties
Guinea,Parties
Guinea-Bissau,Parties
Guyana,Parties
Haiti,Parties
Honduras,Parties
Hungary,Parties
Iceland,Parties
India,Parties
Indonesia,Parties
Iran (Islamic Republic of),Parties
Iraq,Parties
Ireland,Parties
Israel,Parties
Italy,Parties
Jamaica,Parties
Japan,Parties
Jordan,Parties
Kazakhstan,Parties
Kenya,Parties
Kiribati,Parties
Kuwait,Parties
Kyrgyzstan,Parties
Lao People’s Democratic Republic,Parties
Latvia,Parties
Lebanon,Parties
Lesotho,Parties
Liberia,Parties
Libya,Parties
Liechtenstein,Parties
Lithuania,Parties
Luxembourg,Parties
Madagascar,Parties
Malawi,Parties
Malaysia,Parties
Maldives,Parties
Mali,Parties
Malta,Parties
Marshall Islands,Parties
Mauritania,Parties
Mauritius,Parties
Mexico,Parties
Micronesia (Federated States of),Parties
Monaco,Parties
Mongolia,Parties
Montenegro,Parties
Morocco,Parties
Mozambique,Parties
Myanmar,Parties
Namibia,Parties
Nauru,Parties
Nepal,Parties
Netherlands,Parties
New Zealand,Parties
Nicaragua,Parties
Niger,Parties
Nigeria,Parties
Niue,Parties
Norway,Parties
Oman,Parties
Pakistan,Parties
Palau,Parties
Panama,Parties
Papua New Guinea,Parties
Paraguay,Parties
Peru,Parties
Philippines,Parties
Poland,Parties
Portugal,Parties
Qatar,Parties
Republic of Moldova,Parties
Romania,Parties
Russian Federation,Parties
Rwanda,Parties
Saint Kitts and Nevis,Parties
Saint Lucia,Parties
Saint Vincent and the Grenadines,Parties
Samoa,Parties
San Marino,Parties
Sao Tome and Principe,Parties
Saudi Arabia,Parties
Senegal,Parties
Serbia,Parties
Seychelles,Parties
Sierra Leone,Parties
Singapore,Parties
Slovakia,Parties
Slovenia,Parties
Solomon Islands,Parties
Somalia,Parties
South Africa,Parties
South Sudan,Parties
Spain,Parties
Sri Lanka,Parties
Sudan,Parties
Suriname,Parties
Swaziland,Parties
Sweden,Parties
Switzerland,Parties
Syrian Arab Republic,Parties
Tajikistan,Parties
Thailand,Parties
The former Yugoslav Republic of Macedonia,Parties
Timor-Leste,Parties
Togo,Parties
Tonga,Parties
Trinidad and Tobago,Parties
Tunisia,Parties
Turkey,Parties
Turkmenistan,Parties
Tuvalu,Parties
Uganda,Parties
Ukraine,Parties
United Arab Emirates,Parties
United Kingdom of Great Britain and Northern Ireland,Parties
United Republic of Tanzania,Parties
United States of America,Parties
Uruguay,Parties
Uzbekistan,Parties
Vanuatu,Parties
Venezuela (Bolivarian Republic of),Parties
Viet Nam,Parties
Yemen,Parties
Zambia,Parties
Zimbabwe,Parties
Holy See,Observer States
State of Palestine,Observer States
United Nations Secretariat,United Nations Secretariat units and bodies
Chief Executives Board for Coordination,United Nations Secretariat units and bodies
Convention on the Conservation of Migratory Species of Wild Animals,United Nations Secretariat units and bodies
Department of Economic and Social Affairs,United Nations Secretariat units and bodies
Economic and Social Commission for Asia and the Pacific,United Nations Secretariat units and bodies
Economic and Social Commission for Western Asia,United Nations Secretariat units and bodies
Economic Commission for Africa,United Nations Secretariat units and bodies
International Trade Centre,United Nations Secretariat units and bodies
Multilateral Fund for the Implementation of the Montreal Protocol,United Nations Secretariat units and bodies
Office for the Coordination of Humanitarian Affairs,United Nations Secretariat units and bodies
"Office of the High Representative for the Least Developed Countries, Landlocked Developing Countries and Small Island Developing States",United Nations Secretariat units and bodies
Office of the Special Representative of the Secretary-General & Chief Executive for Sustainable Energy for All,United Nations Secretariat units and bodies
Office of the United Nations High Commissioner for Human Rights,United Nations Secretariat units and bodies
Office of the United,United Nations Secretariat units and bodies
Nations High,United Nations Secretariat units and bodies
Commissioner for Refugees,United Nations Secretariat units and bodies
Secretariat of the Convention on Biological Diversity,United Nations Secretariat units and bodies
Secretariat of the United Nations Convention to Combat Desertification,United Nations Secretariat units and bodies
UN Global Compact,United Nations Secretariat units and bodies
"UNEP/Division of Technology, Industry, and Economics",United Nations Secretariat units and bodies
United Nations Capital Development Fund,United Nations Secretariat units and bodies
United Nations Children's Fund,United Nations Secretariat units and bodies
United Nations Conference on Trade and Development,United Nations Secretariat units and bodies
United Nations Department of Public Information,United Nations Secretariat units and bodies
United Nations Development Programme,United Nations Secretariat units and bodies
United Nations Economic Commission for Europe,United Nations Secretariat units and bodies
United Nations Economic Commission for Latin America and the Caribbean,United Nations Secretariat units and bodies
United Nations Entity for Gender Equality and the Empowerment of Women,United Nations Secretariat units and bodies
United Nations Environment Programme,United Nations Secretariat units and bodies
United Nations Forum on Forests Secretariat,United Nations Secretariat units and bodies
United Nations Human Settlements Programme,United Nations Secretariat units and bodies
United Nations Institute for Training and Research,United Nations Secretariat units and bodies
United Nations Office for Disaster Risk Reduction,United Nations Secretariat units and bodies
United Nations Office for Project Services,United Nations Secretariat units and bodies
United Nations Population Fund,United Nations Secretariat units and bodies
United Nations University,United Nations Secretariat units and bodies
Universal Postal Union,United Nations Secretariat units and bodies
World Food Programme,United Nations Secretariat units and bodies
Food and Agriculture Organization of the United Nations,Specialized agencies and related organizations
Global Environment Facility,Specialized agencies and related organizations
Green Climate Fund,Specialized agencies and related organizations
Intergovernmental Oceanographic Commission,Specialized agencies and related organizations
International Atomic Energy Agency,Specialized agencies and related organizations
International Civil Aviation Organization,Specialized agencies and related organizations
International Criminal Court,Specialized agencies and related organizations
International Fund for Agricultural Development,Specialized agencies and related organizations
International Labour Organization,Specialized agencies and related organizations
International Maritime Organization,Specialized agencies and related organizations
International Monetary Fund,Specialized agencies and related organizations
International Telecommunication Union,Specialized agencies and related organizations
"United Nations Educational, Scientific and Cultural Organization",Specialized agencies and related organizations
United Nations Industrial Development Organization,Specialized agencies and related organizations
WMO/UNEP Intergovernmental Panel on Climate Change,Specialized agencies and related organizations
World Bank,Specialized agencies and related organizations
World Health,Specialized agencies and related organizations
Organization,Specialized agencies and related organizations
World Intellectual Property Organization,Specialized agencies and related organizations
World Meteorological Organization,Specialized agencies and related organizations
World Tourism,Specialized agencies and related organizations
World Trade Organization,Specialized agencies and related organizations
African Centre of Meteorological Application for Development,Intergovernmental organizations
African Development Bank Group,Intergovernmental organizations
African Union Commission,Intergovernmental organizations
"African, Caribbean and Pacific Group of States",Intergovernmental organizations
Asian Development Bank,Intergovernmental organizations
Association of Southeast Asian Nations,Intergovernmental organizations
Autorité de développement intégré de la région du Liptako-Gourma,Intergovernmental organizations
Banque Ouest Africaine de Developpement,Intergovernmental organizations
CAB International,Intergovernmental organizations
Caribbean Community Climate Change Centre,Intergovernmental organizations
Caribbean Community Secretariat,Intergovernmental organizations
Center for International Forestry Research,Intergovernmental organizations
Comité permanent inter-états de lutte contre la sécheresse au Sahel,Intergovernmental organizations
Commission de l'ocean Indien,Intergovernmental organizations
Commonwealth Secretariat,Intergovernmental organizations
Consortium of International Agricultural Research Centers,Intergovernmental organizations
Convention on Wetlands of International Importance especially as Waterfowl Habitat,Intergovernmental organizations
Corporación Andina de Fomento,Intergovernmental organizations
Council of Europe,Intergovernmental organizations
East African Community,Intergovernmental organizations
Economic Community of West African States,Intergovernmental organizations
ECOWAS Regional Centre for Renewable Energy and Energy Efficiency,Intergovernmental organizations
European Bank for,Intergovernmental organizations
Reconstruction and,Intergovernmental organizations
Development,Intergovernmental organizations
European Forest Institute,Intergovernmental organizations
European Investment Bank,Intergovernmental organizations
European Patent Office,Intergovernmental organizations
European Space Agency,Intergovernmental organizations
Global Green Growth Institute,Intergovernmental organizations
Global Water Partnership Organisation,Intergovernmental organizations
Institut International du Froid,Intergovernmental organizations
Instituto Interamericano de Cooperación para la Agricultura,Intergovernmental organizations
Inter-American Development Bank,Intergovernmental organizations
Inter-American Institute for Global Change Research,Intergovernmental organizations
Inter-Parliamentary Union,Intergovernmental organizations
International Centre for Integrated Mountain Development,Intergovernmental organizations
International Centre for Research in Agroforestry,Intergovernmental organizations
International Coffee Organization,Intergovernmental organizations
International Energy Agency,Intergovernmental organizations
International Federation of Red Cross and Red Crescent Societies,Intergovernmental organizations
International Network for Bamboo and Rattan,Intergovernmental organizations
International Organization for Migration,Intergovernmental organizations
International Potato Center,Intergovernmental organizations
International Renewable Energy Agency,Intergovernmental organizations
Islamic Development Bank,Intergovernmental organizations
IUCN - International Union for Conservation of Nature,Intergovernmental organizations
League of Arab States,Intergovernmental organizations
Nordic Council of,Intergovernmental organizations
Ministers,Intergovernmental organizations
Nordic Development Fund,Intergovernmental organizations
Nordic Environment Finance Corporation,Intergovernmental organizations
Observatoire du Sahara et du Sahel,Intergovernmental organizations
OPEC Fund for International Development,Intergovernmental organizations
Organisation for Economic Co-operation and Development,Intergovernmental organizations
Organisation Internationale de la Francophonie,Intergovernmental organizations
Organisation of Eastern Caribbean States,Intergovernmental organizations
Organization of Arab,Intergovernmental organizations
Petroleum Exporting,Intergovernmental organizations
Countries,Intergovernmental organizations
Organization of the Petroleum Exporting Countries,Intergovernmental organizations
Pacific Islands Forum Secretariat,Intergovernmental organizations
Parliamentary Assembly of the Mediterranean,Intergovernmental organizations
Permanent Court of Arbitration,Intergovernmental organizations
Permanent Secretariat of the Alpine Convention,Intergovernmental organizations
Regional Community Forestry Training Center for Asia and the Pacific,Intergovernmental organizations
Regional Environmental Center for Central and Eastern Europe,Intergovernmental organizations
Secretaria General Iberoamericana,Intergovernmental organizations
South Centre,Intergovernmental organizations
Technical Centre for Agricultural and Rural Cooperation EU-ACP,Intergovernmental organizations
The Regional Organization for the Conservation of the Environment of the Red Sea and Gulf of Aden,Intergovernmental organizations
2° Investing Initiative,Non-governmental organizations
A SEED Europe,Non-governmental organizations
Aarhus University,Non-governmental organizations
Abibimman Foundation,Non-governmental organizations
Academy for Mountain Environics,Non-governmental organizations
ACT Alliance - Action by Churches Together,Non-governmental organizations
Action Against Hunger,Non-governmental organizations
Action pour la taxation des transactions pour l'aide aux citoyens,Non-governmental organizations
Action Solidarité Tiers-Monde a.s.b.l.,Non-governmental organizations
ActionAid International,Non-governmental organizations
Adelphi Research,Non-governmental organizations
Africa Youths International Development Foundation,Non-governmental organizations
African Climate Change Research Centre,Non-governmental organizations
African Forest Forum,Non-governmental organizations
African Wildlife,Non-governmental organizations
Foundation,Non-governmental organizations
Agence régionale de l'environnement et des nouvelles energies d'Ile-de-France,Non-governmental organizations
Agriconsulting S.p.A.,Non-governmental organizations
Agronomes et vétérinaires sans frontières,Non-governmental organizations
Agropolis International,Non-governmental organizations
Airlines for America,Non-governmental organizations
All India Women's,Non-governmental organizations
Conference,Non-governmental organizations
Alliance for Climate Education,Non-governmental organizations
Alliance for Responsible Atmospheric Policy,Non-governmental organizations
Alliance froid climatisation environnement,Non-governmental organizations
"Alliance pour la Biodiversité, le Climat et la Durabilité dans les Alpes",Non-governmental organizations
Alliance to Save Energy,Non-governmental organizations
Alofa Tuvalu,Non-governmental organizations
Amazon Aid Foundation,Non-governmental organizations
Amazon Center for Environmental Education and Research Foundation,Non-governmental organizations
Amazon Environmental Research Institute,Non-governmental organizations
Amazon Institute of People and the Environment,Non-governmental organizations
Amazon Watch,Non-governmental organizations
American Chemical Society,Non-governmental organizations
American Council on Renewable Energy,Non-governmental organizations
American Federation of Labor and Congress of Industrial Organizations,Non-governmental organizations
American Nuclear Society,Non-governmental organizations
American Society of International Law,Non-governmental organizations
American Sustainable Business Council,Non-governmental organizations
American University,Non-governmental organizations
Amigos de la Tierra,Non-governmental organizations
Asociación Civil,Non-governmental organizations
Amour developpement environnement - Benin,Non-governmental organizations
An Organization for Socio-Economic Development,Non-governmental organizations
Antarctic and Southern Ocean Coalition,Non-governmental organizations
Arab Forum for Environment and Development,Non-governmental organizations
Architecture 2030 Inc.,Non-governmental organizations
Arizona State University,Non-governmental organizations
Asahi Glass Foundation,Non-governmental organizations
Asia Indigenous Peoples Pact Foundation,Non-governmental organizations
"Asia Pacific Forum on Women, Law and Development",Non-governmental organizations
Asian Pacific Resource and Resource Centre for Women,Non-governmental organizations
Asian Resource,Non-governmental organizations
Asociación AK Tenamit,Non-governmental organizations
Asociación Ambiente y Sociedad,Non-governmental organizations
Asociación Civil Oikos,Non-governmental organizations
Asociación Coordinadora Latinoamericana y del Caribe de Pequeños Productores de Comercio Justo,Non-governmental organizations
Asociación Cubana de las Naciones Unidas,Non-governmental organizations
Asociación de Comunidades Forestales de Petén,Non-governmental organizations
Asociación Española de la Industria Eléctrica,Non-governmental organizations
Asociación Interamericana para la Defensa del Ambiente,Non-governmental organizations
Asociación Interétnica de Desarrollo de la Selva Peruana,Non-governmental organizations
Asociación Nacional de Empresas de Agua y Saneamiento,Non-governmental organizations
Asociación Nacional para la Conservación de la Naturaleza,Non-governmental organizations
Asociación para la Investigación y Desarrollo Integral,Non-governmental organizations
Asociacion para la Naturaleza y Desarrollo Sostenible,Non-governmental organizations
Asociación Proteger,Non-governmental organizations
Asociación Regional de Pueblos Indígenas de la Selva Central,Non-governmental organizations
Assemblée des départements de France,Non-governmental organizations
Association Actions Vitales Pour Le Developpement Durable,Non-governmental organizations
Association Climate-KIC,Non-governmental organizations
Association des clubs des amis de la nature du Cameroun,Non-governmental organizations
Association des communautés urbaines de France,Non-governmental organizations
Association des maires de France,Non-governmental organizations
Association des Regions de France,Non-governmental organizations
Association des,Non-governmental organizations
Scientifiques,Non-governmental organizations
Environnementalistes pour,Non-governmental organizations
un Développement Intégré,Non-governmental organizations
Association for Development and Research of Sustainable Habitats,Non-governmental organizations
Association Française des Entreprises pour l'Environnement,Non-governmental organizations
Association française des entreprises privées,Non-governmental organizations
Association Française des Petits Debrouillards,Non-governmental organizations
Association Française Pour les Nations Unies - Aix-en-Provence,Non-governmental organizations
Association Internationale des Maires et responsables entièrement ou partiellement Francophones,Non-governmental organizations
Association La Voûte Nubienne,Non-governmental organizations
Association négaWatt,Non-governmental organizations
Association Noé 21,Non-governmental organizations
Association of American Geographers,Non-governmental organizations
Association of Consulting Engineers,Non-governmental organizations
Association of Overseas Countries and Territories of the European Union,Non-governmental organizations
"Association of Science - Technology Centers, Inc",Non-governmental organizations
Association pour la promotion de la recherche sur l'economie de carbon,Non-governmental organizations
Association pour la promotion et le développement international des éco-entreprises de France,Non-governmental organizations
Association Québécoise de Lutte contre la Pollution Atmosphérique,Non-governmental organizations
Ateneo de Manila University,Non-governmental organizations
Australian Climate Coolers Limited - 1 Million Women,Non-governmental organizations
Australian Conservation Foundation,Non-governmental organizations
Australian Industry Greenhouse Network,Non-governmental organizations
Australian Industry Group,Non-governmental organizations
Australian National University,Non-governmental organizations
Australian Youth Climate Coalition,Non-governmental organizations
Avaaz Foundation,Non-governmental organizations
Avelife (Ltd.),Non-governmental organizations
Avenir Climatique,Non-governmental organizations
Bangladesh Centre for Advanced Studies,Non-governmental organizations
Bangladesh Environmental Lawyers Association,Non-governmental organizations
Bangladesh Resource Centre for Indigenous Knowledge,Non-governmental organizations
Basel Agency for Sustainable Energy,Non-governmental organizations
Basque Centre for Climate Change,Non-governmental organizations
Bay Area Council Foundation,Non-governmental organizations
BBC Media Action,Non-governmental organizations
Beijing Emissions Trading Association,Non-governmental organizations
Beijing NGO Association for International Exchanges,Non-governmental organizations
Bellona Foundation,Non-governmental organizations
Bianca Jagger Human Rights Foundation,Non-governmental organizations
BirdLife International,Non-governmental organizations
Bizi !,Non-governmental organizations
Blue Green Alliance Foundation,Non-governmental organizations
Boston University,Non-governmental organizations
Both ENDS Foundation,Non-governmental organizations
Boticário Group Foundation for Nature Protection,Non-governmental organizations
Brahma Kumaris World Spiritual University,Non-governmental organizations
Bread for the World,Non-governmental organizations
"Brighter Green, Inc.",Non-governmental organizations
British Columbia Council for International Cooperation,Non-governmental organizations
British Council,Non-governmental organizations
Brown University - Watson Institute,Non-governmental organizations
Buddhist Tzu Chi Foundation,Non-governmental organizations
Business and Industry Advisory Committee to the OECD,Non-governmental organizations
Business Council for Sustainable Energy,Non-governmental organizations
Business Council of Australia,Non-governmental organizations
Business for Social Responsibility,Non-governmental organizations
Business Unity South Africa,Non-governmental organizations
BUSINESSEUROPE,Non-governmental organizations
C40 Cities Climate,Non-governmental organizations
Leadership Group,Non-governmental organizations
"Ca' Foscari University, Venice",Non-governmental organizations
Canadian Federation of Agriculture,Non-governmental organizations
Carbon Capture and Storage Association,Non-governmental organizations
Carbon Market Institute Limited,Non-governmental organizations
Carbonfund.org,Non-governmental organizations
"Foundation, Inc.",Non-governmental organizations
CARE International,Non-governmental organizations
Caritas Internationalis,Non-governmental organizations
Carnegie Institution for Washington,Non-governmental organizations
Carre Geo &,Non-governmental organizations
Environnement,Non-governmental organizations
CDP Worldwide,Non-governmental organizations
CECODHAS - European Liaison Committee for Social Housing,Non-governmental organizations
CEE Bankwatch Network,Non-governmental organizations
Center for American Progress,Non-governmental organizations
Center for Biological Diversity,Non-governmental organizations
Center for Clean Air Policy,Non-governmental organizations
Center for Climate and Energy Solutions,Non-governmental organizations
Center for Climate,Non-governmental organizations
"Strategies, Inc.",Non-governmental organizations
Center for Environment and Sustainable Development Studies and Application,Non-governmental organizations
"Center for Environmental Information, Inc.",Non-governmental organizations
Center for Food Safety,Non-governmental organizations
Center for Global Development,Non-governmental organizations
Center for International,Non-governmental organizations
Climate and,Non-governmental organizations
Environmental Research,Non-governmental organizations
Center for International Environmental Law,Non-governmental organizations
Center for Natural Resource Studies,Non-governmental organizations
Center for Policy Research,Non-governmental organizations
Center for Sustainable Rural Development,Non-governmental organizations
Center of Life Institute,Non-governmental organizations
Centre d'accompagnement des autochtones pygmées et minoritaires vulnerables,Non-governmental organizations
Centre de coopération internationale en recherche agronomique pour le développement,Non-governmental organizations
Centre de développement de la région de Tensift,Non-governmental organizations
Centre for 21st Century Issues,Non-governmental organizations
Centre for Community Economics and Development Consultants Society,Non-governmental organizations
Centre for Environment and Development,Non-governmental organizations
Centre for Environmental Justice,Non-governmental organizations
Centre for European Economic Research,Non-governmental organizations
Centre for European Policy Studies,Non-governmental organizations
Centre for International Governance Innovation,Non-governmental organizations
Centre for International Sustainable Development Law,Non-governmental organizations
Centre for Science and Environment,Non-governmental organizations
Centre for Socio-Economic Development,Non-governmental organizations
Centre international de droit comparé de l'environnement,Non-governmental organizations
Centre international de recherche sur l'environnement et le développement,Non-governmental organizations
Centre patronal de l'environnement du Québec,Non-governmental organizations
Centre pour l'Environnement et le Développement,Non-governmental organizations
Centres d'Actions et de Réalisations Internationales,Non-governmental organizations
Centro Agronómico Tropical de Investigación y Enseñanza,Non-governmental organizations
Centro Alexander von Humboldt,Non-governmental organizations
Centro de Apoyo a la Gestión Sustentable del Agua y el Medio Ambiente,Non-governmental organizations
Centro de Estudios Uruguayos de Tecnología Apropiada,Non-governmental organizations
Centro de Incidencia Ambiental de Panamá,Non-governmental organizations
Centro de Planificación y Estudio Social,Non-governmental organizations
Centro de Transporte Sustentable de México Asociacion Civil,Non-governmental organizations
Centro Internacional de Agricultura Tropical,Non-governmental organizations
Centro Mexicano de Derecho Ambiental,Non-governmental organizations
"Ceres, Inc.",Non-governmental organizations
Chamber of Commerce of the United States of America,Non-governmental organizations
Chatham House,Non-governmental organizations
China Association for NGO Cooperation,Non-governmental organizations
China Association for Science and Technology,Non-governmental organizations
China Dialogue Trust,Non-governmental organizations
China Green Carbon Foundation,Non-governmental organizations
China New Energy Chamber of Commerce,Non-governmental organizations
China NGO Network for International Exchanges,Non-governmental organizations
China Science and Technology Exchange Center,Non-governmental organizations
CHIRAPAQ - Centro de Culturas Indígenas del Perú,Non-governmental organizations
Christian Aid,Non-governmental organizations
Church of the Brethren,Non-governmental organizations
Citizen's Movement for Environmental Justice,Non-governmental organizations
Citizens Alliance for Saving the Atmosphere and the Earth,Non-governmental organizations
Civic Exchange,Non-governmental organizations
Clean Air Foundation,Non-governmental organizations
"Clean Air Initiative for Asian Cities Center, Inc.",Non-governmental organizations
Clean Air Task Force,Non-governmental organizations
Clean Energy and Safe Environment Initiative,Non-governmental organizations
Clean Energy Nepal,Non-governmental organizations
Climate Action Network - Europe,Non-governmental organizations
Climate Action Network - Latin America,Non-governmental organizations
Climate Action Network Australia,Non-governmental organizations
Climate Action Network Canada,Non-governmental organizations
Climate Action Network International,Non-governmental organizations
Climate Action Network Southeast Asia,Non-governmental organizations
Climate Action Reserve,Non-governmental organizations
Climate Alliance (Klima-Bündnis),Non-governmental organizations
Climate Alliance Austria,Non-governmental organizations
Climate Alliance Italy,Non-governmental organizations
Climate Analytics GmbH,Non-governmental organizations
Climate and Health Limited,Non-governmental organizations
Climate Change Center,Non-governmental organizations
Climate Change Forum,Non-governmental organizations
Climate Consortium Denmark,Non-governmental organizations
Climate Generation: A Will Steger Legacy,Non-governmental organizations
Climate Institute,Non-governmental organizations
Climate Institute (Australia) Limited,Non-governmental organizations
Climate Justice Program,Non-governmental organizations
Climate Law and Policy Project,Non-governmental organizations
Climate Markets and Investment Association Limited,Non-governmental organizations
Climate Parliament,Non-governmental organizations
Climate Policy Center,Non-governmental organizations
"Climate Policy Initiative, Inc",Non-governmental organizations
Climate Strategies,Non-governmental organizations
ClimateNet,Non-governmental organizations
climatepolicy.net e.V.,Non-governmental organizations
CliMates,Non-governmental organizations
ClimateWorks Foundation,Non-governmental organizations
Club UNESCO du centre d'action femme et enfant,Non-governmental organizations
CO2GeoNet - The European Network of Excellence on Geological Storage of CO2,Non-governmental organizations
Coastal Association for Social Transformation Trust,Non-governmental organizations
Coastal Development Partnership,Non-governmental organizations
"COBASE, Cooperativa Tecnico Scientifica di Base",Non-governmental organizations
Colegio de Abogados Especialistas en Derecho Ambiental de Colombia,Non-governmental organizations
Collège des Directeurs du Développement Durable,Non-governmental organizations
College of Saint Benedict,Non-governmental organizations
College of the Atlantic,Non-governmental organizations
Colorado State University,Non-governmental organizations
Columbia University,Non-governmental organizations
Comité 21 / Club France Développement Durable,Non-governmental organizations
Comité Catholique contre la Faim et pour le Développement – Terre solidaire,Non-governmental organizations
Comité pour le développement durable en santé,Non-governmental organizations
Comite pour les relations,Non-governmental organizations
Nationales et,Non-governmental organizations
internationales des,Non-governmental organizations
Associations de Jeunesse et,Non-governmental organizations
d'Education Populaire,Non-governmental organizations
Committee for a Constructive Tomorrow,Non-governmental organizations
Commonwealth Club of California,Non-governmental organizations
Community Forestry International,Non-governmental organizations
Competitive Enterprise Institute,Non-governmental organizations
Confederación de Nacionalidades Amazónicas del Perú,Non-governmental organizations
Confederación Española de Organizaciones Empresariales,Non-governmental organizations
Confédération européenne des propriétaires forestiers,Non-governmental organizations
Confederation of Danish Industry,Non-governmental organizations
Confederation of European Paper Industries,Non-governmental organizations
Confederation of Indian Industry,Non-governmental organizations
Conférence des Présidents d'Université,Non-governmental organizations
Congregation of Our Lady of Mount Carmel,Non-governmental organizations
Conseil de la jeunesse de la communauté française de Belgique,Non-governmental organizations
Conseil des Communes et Régions d'Europe,Non-governmental organizations
"Consejo Civil Mexicano para la Silvicultura Sostinible, A. C.",Non-governmental organizations
Conservation International,Non-governmental organizations
Consorcio para el Desarrollo Sostenible de la Ecorregión Andina,Non-governmental organizations
"Construction, Forestry, Mining and Energy Union",Non-governmental organizations
Consultative Group on Biological Diversity,Non-governmental organizations
Convergences,Non-governmental organizations
Cooperation internationale pour le développement et la solidarité,Non-governmental organizations
Coopération pour le développement et l'amélioration des transports urbains et périurbains,Non-governmental organizations
Coordinadora Andina de Organizaciones Indígenas,Non-governmental organizations
Coordinadora de Desarrollo y Defensa de los Pueblos Indígenas de la Región San Martín,Non-governmental organizations
Coordinadora Rural de la Papa - Perú,Non-governmental organizations
Coordinating Body of Indigenous Organizations of the Amazon Basin,Non-governmental organizations
Coordination SUD,Non-governmental organizations
Cornell University,Non-governmental organizations
"Corporación Centro de Estudios de Derecho, Justicia y Sociedad",Non-governmental organizations
Corporación Fiscalía del Medio Ambiente,Non-governmental organizations
Corporación Grupo Tayrona,Non-governmental organizations
Corporate Europe Observatory Foundation,Non-governmental organizations
Council on Foreign Relations,Non-governmental organizations
CUTS International,Non-governmental organizations
Cœur de Forêt,Non-governmental organizations
Dalhousie University - Marine and Environmental Law Institute,Non-governmental organizations
Danish 92 Group - Forum for Sustainable Development,Non-governmental organizations
Danish Society of Engineers,Non-governmental organizations
Dartmouth College,Non-governmental organizations
David and Lucile Packard Foundation,Non-governmental organizations
David Suzuki Foundation,Non-governmental organizations
De Montfort University,Non-governmental organizations
"Deep South Center for Environmental Justice, Inc.",Non-governmental organizations
Delta Electronics Foundation,Non-governmental organizations
Demand Response and Smart Grid Coalition,Non-governmental organizations
Derecho Ambiente y Recursos Naturales,Non-governmental organizations
Designated Operational Entities and Independent Entities Association,Non-governmental organizations
Deutsche Gesellschaft fuer Internationale Zusammenarbeit,Non-governmental organizations
Development Alternatives,Non-governmental organizations
Development Fund Norway,Non-governmental organizations
Dharma Drum Mountain Buddhist Association,Non-governmental organizations
Diakonia,Non-governmental organizations
Dickinson College,Non-governmental organizations
Dossiers et Débats pour le Développement Durable,Non-governmental organizations
Drexel University,Non-governmental organizations
Duke University,Non-governmental organizations
Earth Child Institute,Non-governmental organizations
Earth Council,Non-governmental organizations
Earth Day Network,Non-governmental organizations
Earth Innovation Institute,Non-governmental organizations
"Earth Island Institute, Inc.",Non-governmental organizations
Earth Savers Movement,Non-governmental organizations
Earthjustice,Non-governmental organizations
Eberhard Karls Universitat Tubingen,Non-governmental organizations
Eberswalde University for Sustainable Development,Non-governmental organizations
EcoArts Connections,Non-governmental organizations
EcoCarbon Incorporated,Non-governmental organizations
Ecologic Institute,Non-governmental organizations
Ecologica Institute,Non-governmental organizations
Ecological Youth of Angola,Non-governmental organizations
Ecology Center,Non-governmental organizations
ECONEXUS,Non-governmental organizations
Economic Development Foundation,Non-governmental organizations
Ecumenical Advocacy Alliance,Non-governmental organizations
Edison Electric Institute,Non-governmental organizations
Eikosphere Foundation,Non-governmental organizations
Ejecutor de Contrato de Administración de la Reserva Comunal Amarakaeri,Non-governmental organizations
Electric Power Research Institute,Non-governmental organizations
Electriciens sans frontières,Non-governmental organizations
Emory University,Non-governmental organizations
Energies 2050,Non-governmental organizations
Energiewende Saarland e.V. (Energy Alternative Saarland),Non-governmental organizations
Energy and Climate Policy Institute for Just Transition,Non-governmental organizations
Energy Research Centre of the Netherlands,Non-governmental organizations
Energy-Cities,Non-governmental organizations
Environment-People-Law,Non-governmental organizations
"Environmental Business Council of New England, Inc.",Non-governmental organizations
Environmental Defense Fund,Non-governmental organizations
Environmental Investigation Agency,Non-governmental organizations
Environmental Law Institute,Non-governmental organizations
Environmental Management for Livelihood Improvement Bwaise Facility,Non-governmental organizations
Environmental Monitoring Group Trust,Non-governmental organizations
Environmental Quality Protection Foundation,Non-governmental organizations
Environmental Services Association of Nova Scotia,Non-governmental organizations
Environnement et Developpement du Tiers-Monde,Non-governmental organizations
Environnement Jeunesse,Non-governmental organizations
Equiterre,Non-governmental organizations
Erasmus University Rotterdam,Non-governmental organizations
ETC Foundation,Non-governmental organizations
"ETC Group (Action Group on Erosion, Technology and Concentration)",Non-governmental organizations
Etc Terra,Non-governmental organizations
EURELECTRIC,Non-governmental organizations
Euro-Mediterranean Center on Climate Change,Non-governmental organizations
EURONATURA - Centre for Environmental Law and Sustainable Development,Non-governmental organizations
European Association for Solar Energy,Non-governmental organizations
European Bureau for Conservation and Development,Non-governmental organizations
European Business Council for Sustainable Energy,Non-governmental organizations
European Chemical Industry Council,Non-governmental organizations
European Climate Foundation,Non-governmental organizations
European Federation of,Non-governmental organizations
Regional Energy and,Non-governmental organizations
Environment,Non-governmental organizations
Agencies/Fédération,Non-governmental organizations
Européenne des Agences,Non-governmental organizations
Régionales de L'Energie et,Non-governmental organizations
de L'Environnement,Non-governmental organizations
European Geothermal Energy Council,Non-governmental organizations
European Landowners Organisation,Non-governmental organizations
European Nuclear Society,Non-governmental organizations
European Round Table of Industrialists,Non-governmental organizations
European Union Chamber of Commerce in China,Non-governmental organizations
European Water Partnership,Non-governmental organizations
European Wind Energy Association,Non-governmental organizations
European Youth Forum,Non-governmental organizations
Ev-K2-CNR Committee,Non-governmental organizations
Excellent Development,Non-governmental organizations
FACE Foundation,Non-governmental organizations
Fairtrade Labelling,Non-governmental organizations
Organizations,Non-governmental organizations
International e.V.,Non-governmental organizations
Fairwatch Association,Non-governmental organizations
Faith Association of the,Non-governmental organizations
Rehabilitation of Street,Non-governmental organizations
Children and Orphans,Non-governmental organizations
Family Health,Non-governmental organizations
International,Non-governmental organizations
Fauna & Flora,Non-governmental organizations
Feasta Ltd,Non-governmental organizations
Federación de Pueblos Indígenas Kechwas de la Región de San Martín,Non-governmental organizations
Federación Nativa del Río Madre de Dios y Afluentes,Non-governmental organizations
Federación Regional Indígena Shawi de San Martín,Non-governmental organizations
Fédération des Elu-es Verts et Ecologistes,Non-governmental organizations
Federation of Electric Power Companies,Non-governmental organizations
Federation of German Industries,Non-governmental organizations
Federation of Indian Chambers of Commerce and Industry,Non-governmental organizations
Federation of Young European Greens,Non-governmental organizations
Fermes d'Avenir,Non-governmental organizations
FERN,Non-governmental organizations
Fia Foundation for the Automobile and Society,Non-governmental organizations
Finnish Air Pollution Prevention Society,Non-governmental organizations
Finnish Institute of International Affairs,Non-governmental organizations
Finnish NGO Platform KEPA,Non-governmental organizations
Focus on the Global South,Non-governmental organizations
Fondation africaine (Farmapu-Inter & Cecotrap-rcogl),Non-governmental organizations
Fondation BNP Paribas,Non-governmental organizations
Fondation Deserts du Monde,Non-governmental organizations
Fondation Energies pour le Monde,Non-governmental organizations
Fondation Jean-Jaurès,Non-governmental organizations
Fondation Nicolas Hulot,Non-governmental organizations
Fondation pour le développement durable des régions de montagne,Non-governmental organizations
Fondation pour les etudes et recherches sur le developpement international,Non-governmental organizations
Fondazione Centro Studi Enel,Non-governmental organizations
Fondazione Eni Enrico Mattei,Non-governmental organizations
Fondo de Promoción de la Areas Naturales Protegidas del Perú,Non-governmental organizations
Fonds E7 pour le développement énergétique durable,Non-governmental organizations
"Food, Agriculture and Natural Resources Policy Analysis Network",Non-governmental organizations
Ford Foundation,Non-governmental organizations
Forest Peoples',Non-governmental organizations
Programme,Non-governmental organizations
Forest Products Association of Canada,Non-governmental organizations
Forest Stewardship Council,Non-governmental organizations
Forest Trends Association,Non-governmental organizations
Forestry and Forest Products Research Institute,Non-governmental organizations
Forests of the World,Non-governmental organizations
Forests Philanthropy Action Network,Non-governmental organizations
Foro Ciudades para la Vida,Non-governmental organizations
Forum atomique européen,Non-governmental organizations
Forum for Environment,Non-governmental organizations
Forum for Reforms and Entrepreneurship,Non-governmental organizations
Foundation DLO,Non-governmental organizations
Foundation Environment - Law Society,Non-governmental organizations
Foundation for Strategic Environmental Research,Non-governmental organizations
Foundation for the Global Compact,Non-governmental organizations
Foundation for the Rights of Future Generations,Non-governmental organizations
Foundation of Taiwan Industry Service,Non-governmental organizations
France Energie Eolienne,Non-governmental organizations
France nature,Non-governmental organizations
environnement,Non-governmental organizations
Franciscans International,Non-governmental organizations
Frankfurt School of Finance and Management GmbH,Non-governmental organizations
Fraunhofer Institute for Systems and Innovation Research,Non-governmental organizations
"Free University Amsterdam, Institute for Environmental Studies",Non-governmental organizations
Freedom from Debt,Non-governmental organizations
Coalition Inc.,Non-governmental organizations
Freie Universität Berlin,Non-governmental organizations
Fridtjof Nansen Institute,Non-governmental organizations
Friedrich Schiller University Jena,Non-governmental organizations
Friedrich-Ebert-Stiftung e.V.,Non-governmental organizations
Friends of Environment and Humanity Foundation,Non-governmental organizations
Friends of the Earth,Non-governmental organizations
Friends World Committee for Consultation,Non-governmental organizations
Fundação Getúlio Vargas,Non-governmental organizations
Fundación Ambiente y Recursos Naturales,Non-governmental organizations
Fundación Amigos de la Naturaleza,Non-governmental organizations
Fundación Argentina de Etoecología,Non-governmental organizations
Fundación Avina,Non-governmental organizations
Fundación Biosfera,Non-governmental organizations
Fundación Bosques para la Conservación,Non-governmental organizations
Fundación Cayetano Heredia,Non-governmental organizations
Fundación de Iniciativas de Cambio Climático,Non-governmental organizations
Fundación Defensores de la Naturaleza,Non-governmental organizations
"Fundación Desarrollo Sustentable, A.C.",Non-governmental organizations
Fundación Ecología y Desarrollo,Non-governmental organizations
Fundación Futuro Latinoamericano,Non-governmental organizations
Fundación Natura,Non-governmental organizations
Fundación Natura Bolivia,Non-governmental organizations
Fundación para la Promoción del Conocimiento Indígena,Non-governmental organizations
Fundación Peruana para la Conservación de la Naturaleza,Non-governmental organizations
Fundación Privada,Non-governmental organizations
Empresa & Clima,Non-governmental organizations
"Fundación Sur Futuro, Inc.",Non-governmental organizations
Fundación TierraVida,Non-governmental organizations
Gaia Association,Non-governmental organizations
genderCC - women for climate justice e.V.,Non-governmental organizations
George Mason University,Non-governmental organizations
Georgetown University,Non-governmental organizations
German Advisory Council on Global Change,Non-governmental organizations
German Association of Energy and Water Industries,Non-governmental organizations
German Committee for Disaster Reduction,Non-governmental organizations
German Development Institute,Non-governmental organizations
German Emissions Trading Association,Non-governmental organizations
German Marshall Fund of the United States,Non-governmental organizations
German NGO Forum on Environment and Development,Non-governmental organizations
GERMANWATCH,Non-governmental organizations
Gherush92 Committee for Human Rights,Non-governmental organizations
Global Alert for Defence of Youth and the Less Privileged,Non-governmental organizations
"Global Alliance for Incinerator Alternatives Philippines, Inc.",Non-governmental organizations
Global Buildings Performance Network,Non-governmental organizations
Global Call for Climate Action,Non-governmental organizations
Global Canopy,Non-governmental organizations
Global Carbon Capture and Storage Institute Ltd,Non-governmental organizations
Global Ecovillage Network,Non-governmental organizations
Global Environment Centre,Non-governmental organizations
Global Environment Centre Foundation,Non-governmental organizations
Global Environmental Institute,Non-governmental organizations
Global Footprint Network,Non-governmental organizations
Global Forest Coalition,Non-governmental organizations
Global Green Environmental Network,Non-governmental organizations
Global Greens (Verts Mondiaux),Non-governmental organizations
Global Industrial and Social Progress Research Institute,Non-governmental organizations
"Global Justice Ecology Project, Inc.",Non-governmental organizations
Global Justice Now,Non-governmental organizations
Global Legislators Organisation for a Balanced Environment,Non-governmental organizations
Global Marshall Plan Foundation,Non-governmental organizations
Global Peace Initiative of Women,Non-governmental organizations
Global Public Policy Institute,Non-governmental organizations
Global Public Policy,Non-governmental organizations
Global Sustainable Electricity Partnership,Non-governmental organizations
Global Village of Beijing,Non-governmental organizations
Global Voices,Non-governmental organizations
Global Wind Energy Council,Non-governmental organizations
Global Witness Limited,Non-governmental organizations
GoodPlanet,Non-governmental organizations
Gorakhpur Environmental Action Group,Non-governmental organizations
Gordon E. and Betty I.,Non-governmental organizations
Moore Foundation,Non-governmental organizations
Green Asia Network,Non-governmental organizations
Green Belt Movement,Non-governmental organizations
Green Club,Non-governmental organizations
Green Cross International,Non-governmental organizations
Green Economics Institute,Non-governmental organizations
Green European,Non-governmental organizations
Green Institute Limited,Non-governmental organizations
Green Korea United,Non-governmental organizations
Greener Impact,Non-governmental organizations
Greenhouse Gas Management Institute,Non-governmental organizations
Greenpeace International,Non-governmental organizations
Groupe d'études et de recherches sur les énergies renouvelables et l'environnement,Non-governmental organizations
Groupe de recherche et d'echanges technologiques,Non-governmental organizations
"Groupe Energies Renouvelables, Environnement et Solidarités",Non-governmental organizations
Grupo GEA,Non-governmental organizations
HACEY's Health Initiative,Non-governmental organizations
Harvard University,Non-governmental organizations
HATOF Foundation,Non-governmental organizations
Health and Environment Alliance,Non-governmental organizations
Health Care Without Harm,Non-governmental organizations
HEDA Resource Centre,Non-governmental organizations
Heinrich Böll Foundation,Non-governmental organizations
HELIO International,Non-governmental organizations
Helvetas Swiss,Non-governmental organizations
Intercooperation,Non-governmental organizations
Hong Kong Climate Change Forum,Non-governmental organizations
Hong Kong People's Council for Sustainable Development Limited,Non-governmental organizations
Huairou Commission Women Homes and Community,Non-governmental organizations
Humane Society,Non-governmental organizations
Ibon Foundation Inc.,Non-governmental organizations
ICLEI-Local Governments for Sustainability,Non-governmental organizations
Imperial College London,Non-governmental organizations
Indian Youth Climate Network,Non-governmental organizations
Indigenous Education Network of Turtle Island,Non-governmental organizations
Indigenous People of,Non-governmental organizations
Africa Coordinating,Non-governmental organizations
Committee,Non-governmental organizations
Indigo Development and Change,Non-governmental organizations
Industrial Technology Research Institute,Non-governmental organizations
IndustriALL Global Union,Non-governmental organizations
IndyACT-The League of Independent Activists,Non-governmental organizations
Ingénieurs sans frontières ISF,Non-governmental organizations
Initiative Développement,Non-governmental organizations
Innovation Center for Energy and Transportation,Non-governmental organizations
Institut de recherche sur l'environnement,Non-governmental organizations
Institut du Développement Durable et des Relations Internationales,Non-governmental organizations
Institut français des formateurs risques majeurs et protection de l'environnement,Non-governmental organizations
Institut national de la recherche agronomique,Non-governmental organizations
Institut Veolia,Non-governmental organizations
Institute ECOAR for Citizenship,Non-governmental organizations
Institute for Advanced Sustainability Studies,Non-governmental organizations
Institute for Agricultural and Forest Management and Certification,Non-governmental organizations
Institute for Agriculture and Trade Policy,Non-governmental organizations
Institute for Conservation and Sustainable Development of Amazonas,Non-governmental organizations
Institute for Environment and Development Sustainability,Non-governmental organizations
Institute for Environmental Security,Non-governmental organizations
Institute for Global Environmental Strategies,Non-governmental organizations
Institute for Governance and Sustainable Development,Non-governmental organizations
Institute for Policy Studies,Non-governmental organizations
Institute for Public Policy Research,Non-governmental organizations
Institute for Social and Environmental Transition,Non-governmental organizations
Institute for Sustainable Energy Policies,Non-governmental organizations
Institute for,Non-governmental organizations
Transportation and,Non-governmental organizations
Development Policy,Non-governmental organizations
Institute of Development Studies,Non-governmental organizations
"Institute of Energy Economics, Japan",Non-governmental organizations
Institutional Investors Group on Climate Change Ltd.,Non-governmental organizations
Instituto de Ecología y Antropología de Acción,Non-governmental organizations
Instituto Educacional Franklin Delano Roosevelt,Non-governmental organizations
Instituto Ethos de,Non-governmental organizations
Empresas e,Non-governmental organizations
Responsabilidade Social,Non-governmental organizations
Instituto Torcuato Di Tella,Non-governmental organizations
Interchurch Organization for Development Cooperation,Non-governmental organizations
InterEnvironment Institute,Non-governmental organizations
International Air Transport Association,Non-governmental organizations
International Alliance of Indigenous and Tribal Peoples of the Tropical Forests,Non-governmental organizations
International Association for the Advancement of Innovative Approaches to Global Challenges,Non-governmental organizations
International Association of Public Transport,Non-governmental organizations
International Association of Schools of Social Work,Non-governmental organizations
International Center for Environmental Technology Transfer,Non-governmental organizations
International Centre for Trade and Sustainable Development,Non-governmental organizations
International Chamber of Commerce,Non-governmental organizations
International Chamber of Shipping,Non-governmental organizations
International Climate Change Partnership,Non-governmental organizations
International Coastal and Ocean Organization,Non-governmental organizations
International Council for Mining and Metals,Non-governmental organizations
International Council for Science,Non-governmental organizations
International Council for Sustainable Energy,Non-governmental organizations
International Council of Chemical Associations,Non-governmental organizations
International Court for the Environment Coalition,Non-governmental organizations
International Cryosphere Climate Initiative,Non-governmental organizations
International Dairy Federation,Non-governmental organizations
International Development Research Centre,Non-governmental organizations
International Emissions Trading Association,Non-governmental organizations
Environmental,Non-governmental organizations
Communication,Non-governmental organizations
Association,Non-governmental organizations
International Federation of Industrial Energy Consumers,Non-governmental organizations
International Federation of Liberal Youth,Non-governmental organizations
International Federation of Medical Students' Associations,Non-governmental organizations
International Federation of Organic Agriculture Movements,Non-governmental organizations
International Fertilizer Industry Association,Non-governmental organizations
International Food Policy Research Institute,Non-governmental organizations
International Forestry Students' Association,Non-governmental organizations
International Forum on Globalization Inc.,Non-governmental organizations
International Foundation for African Children,Non-governmental organizations
International Fund for Animal Welfare Inc.,Non-governmental organizations
International Gas Union,Non-governmental organizations
International Hydropower Association,Non-governmental organizations
International Indian Treaty Council,Non-governmental organizations
International Institute for Applied Systems Analysis,Non-governmental organizations
International Institute for Environment and Development,Non-governmental organizations
International Institute for Sustainable Development,Non-governmental organizations
International Movement ATD Fourth World,Non-governmental organizations
International National Trusts Organisation,Non-governmental organizations
International Network for Sustainable Energy,Non-governmental organizations
International Network of Basin Organizations,Non-governmental organizations
International Organization for Standardization,Non-governmental organizations
International Organization of Employers,Non-governmental organizations
International Petroleum,Non-governmental organizations
Industry Environmental,Non-governmental organizations
Conservation Association,Non-governmental organizations
International Planned Parenthood Federation,Non-governmental organizations
International Plant Genetic Resources Institute,Non-governmental organizations
International Polar Foundation,Non-governmental organizations
International Policy Network,Non-governmental organizations
International Social Science Council,Non-governmental organizations
International Society of Doctors for the Environment,Non-governmental organizations
International Solar Energy Society e.V.,Non-governmental organizations
International Solid Waste Association,Non-governmental organizations
International Trade Union Confederation,Non-governmental organizations
International Union of Architects,Non-governmental organizations
International Union of Forest Research Organizations,Non-governmental organizations
International Union of Railways,Non-governmental organizations
International Volunteering Center for Development Cooperation,Non-governmental organizations
International Work Group for Indigenous Affairs,Non-governmental organizations
International Youth and Student Movement for the United Nations,Non-governmental organizations
Inuit Circumpolar Conference,Non-governmental organizations
"Islands First, Inc.",Non-governmental organizations
Italian Climate Network,Non-governmental organizations
Italian Local Agenda 21 Association,Non-governmental organizations
Ithaca College,Non-governmental organizations
iuventum e.V.,Non-governmental organizations
IVL Swedish Environmental Research Institute Ltd.,Non-governmental organizations
Janvikas,Non-governmental organizations
"Japan Atomic Industrial Forum, Inc.",Non-governmental organizations
Japan Automobile Manufacturers Association Inc.,Non-governmental organizations
Japan Center for a Sustainable Environment and Society,Non-governmental organizations
Japan Environmental Council,Non-governmental organizations
Japan Fluorocarbon Manufacturers Association,Non-governmental organizations
Japan International Forestry Promotion and Cooperation Center,Non-governmental organizations
Japan Iron and Steel Federation,Non-governmental organizations
Jeunes volontaires pour l'environnement,Non-governmental organizations
Joanneum Research,Non-governmental organizations
Johns Hopkins University,Non-governmental organizations
Joint Implementation Network,Non-governmental organizations
Joyce Foundation,Non-governmental organizations
"Jubilee South Asia Pacific Movement, Inc.",Non-governmental organizations
"Kadikoyu Friends of Science, Culture and Art Association",Non-governmental organizations
Kansai Economic Federation,Non-governmental organizations
Keidanren,Non-governmental organizations
Keio University,Non-governmental organizations
Kejibaus,Non-governmental organizations
Keren Kayemet LeIsrael/The Jewish National Fund,Non-governmental organizations
KfW,Non-governmental organizations
Khazer Ecological and Cultural NGO,Non-governmental organizations
Kiko Network,Non-governmental organizations
"King's College, School of Law",Non-governmental organizations
KlimAktiv,Non-governmental organizations
Konrad-Adenauer-Foundation,Non-governmental organizations
Korea Chamber of Commerce and Industry,Non-governmental organizations
Korea Green Foundation,Non-governmental organizations
Korea Institute of Science and Technology Europe,Non-governmental organizations
Korea University,Non-governmental organizations
Korean Business Council for Sustainable Development,Non-governmental organizations
Korean Federation for Environmental Movement,Non-governmental organizations
Korean Standards Association,Non-governmental organizations
"Krasnoyarsk regional public ecological movement ""Friends of the Siberian Forests""",Non-governmental organizations
Kyoto Club,Non-governmental organizations
"Kyoto University, Institute of Economic Research",Non-governmental organizations
Labor/Community,Non-governmental organizations
Strategy Center,Non-governmental organizations
"Labour, Health and Human Rights Development Center",Non-governmental organizations
Lancaster University,Non-governmental organizations
Latin American Section of the American Nuclear Society,Non-governmental organizations
LAYA,Non-governmental organizations
LDC Watch,Non-governmental organizations
Leadership for Environment and Development,Non-governmental organizations
Leadership for Environment and Development International,Non-governmental organizations
Legal Response Initiative,Non-governmental organizations
Legambiente - League of Environment,Non-governmental organizations
Les Anges Gardiens de la Planete,Non-governmental organizations
Les Jeunes Écologistes,Non-governmental organizations
Lewis and Clark College,Non-governmental organizations
Liaison Office of the European Ceramic Industry,Non-governmental organizations
Life and Environment - Israeli Union of Environmental NGOs,Non-governmental organizations
LIFE e.V.,Non-governmental organizations
Ligue pour la protection des oiseaux,Non-governmental organizations
Lombardy Foundation for the Environment / Fondazione Lombardia per l'Ambiente,Non-governmental organizations
London School of Economics and Political Science,Non-governmental organizations
Lund University,Non-governmental organizations
Lutheran World,Non-governmental organizations
Federation,Non-governmental organizations
Macalester College,Non-governmental organizations
Macau Environmental Protection and Management Association,Non-governmental organizations
Macau Environmental Protection Institute,Non-governmental organizations
Macquarie University,Non-governmental organizations
Marmara University,Non-governmental organizations
Mary Robinson Foundation - Climate Justice,Non-governmental organizations
Maryknoll Fathers and Brothers,Non-governmental organizations
Maryknoll Sisters of St.,Non-governmental organizations
"Dominic, Inc.",Non-governmental organizations
Massachusetts Institute of Technology,Non-governmental organizations
McGill University,Non-governmental organizations
Mediators Beyond Borders,Non-governmental organizations
Mediterranean Protected Areas Network,Non-governmental organizations
Mercy International Association,Non-governmental organizations
Meridian Institute,Non-governmental organizations
Met Office Hadley Center,Non-governmental organizations
METIS - Global Awareness Network,Non-governmental organizations
Michael Succow Foundation for the Protection of Nature,Non-governmental organizations
Midwest Research Institute/National Renewable Energy Laboratory,Non-governmental organizations
"MISEREOR, German Catholic Bishops' Organisation for Development Cooperation",Non-governmental organizations
Monde pluriel,Non-governmental organizations
Moravian College,Non-governmental organizations
Mountain and Glacier Protection Organization,Non-governmental organizations
"Mountain Institute, Inc.",Non-governmental organizations
Mouvement des entreprises de France,Non-governmental organizations
Movimiento Ciudadano frente al Cambio Climático,Non-governmental organizations
Munich Climate Insurance Initiative,Non-governmental organizations
Münster University,Non-governmental organizations
National Association for the Advancement of Colored People,Non-governmental organizations
National Association of Clean Air Agencies,Non-governmental organizations
National Center for Climate Change Strategy and International Cooperation,Non-governmental organizations
National Concentrating Solar Power Association,Non-governmental organizations
"National Council for Climate Change, Sustainable Development and Public Leadership",Non-governmental organizations
National Ecological Centre of Ukraine,Non-governmental organizations
National Foreign Trade Council,Non-governmental organizations
National Institute for Environmental Studies,Non-governmental organizations
National Institute of Public Health and the Environment,Non-governmental organizations
National Native Title Council Ltd.,Non-governmental organizations
National Spiritual Assembly of the Baha'is of the United States,Non-governmental organizations
National University of Singapore,Non-governmental organizations
National Wildlife,Non-governmental organizations
National Youth Achievement Award Association,Non-governmental organizations
Native American Rights Fund,Non-governmental organizations
"Natural Capitalism Solutions, Inc.",Non-governmental organizations
Natural Justice,Non-governmental organizations
Natural Resources Defense Council,Non-governmental organizations
Nature and Biodiversity Conservation Union,Non-governmental organizations
Nature Code - Centre of Development & Environment,Non-governmental organizations
Natureparif,Non-governmental organizations
Nehru Foundation for Development Centre for Environment Education,Non-governmental organizations
Neighbour Organization Nepal,Non-governmental organizations
Neongreen Network,Non-governmental organizations
Nepal Federation of Indigenous Nationalities,Non-governmental organizations
Network of Regional Governments for Sustainable Development,Non-governmental organizations
New Energy and Industrial Technology Development Organization,Non-governmental organizations
New Venture Fund,Non-governmental organizations
New Zealand Forest Owners' Association,Non-governmental organizations
New Zealand Youth Delegation Incorporated,Non-governmental organizations
Nordic Folkcenter for Renewable Energy,Non-governmental organizations
Northeastern University,Non-governmental organizations
Norwegian Confederation of Trade Unions,Non-governmental organizations
Norwegian Forum for Environment and Development,Non-governmental organizations
Norwegian Refugee Council,Non-governmental organizations
Norwegian Society for the Conservation of Nature,Non-governmental organizations
Norwegian University of Science and Technology,Non-governmental organizations
Nurses Across the Borders,Non-governmental organizations
Observatoire,Non-governmental organizations
méditerranéen de l'énergie,Non-governmental organizations
Oceana Inc.,Non-governmental organizations
"Oeko-Institut (Institute for Applied Ecology e.V.), Berlin",Non-governmental organizations
Oil Change International,Non-governmental organizations
Open University,Non-governmental organizations
Organización Regional de la Asociación Inter-Étnica de Desarrollo de la Selva Peruana Ucayali,Non-governmental organizations
Oro Verde - Tropical Forest Foundation,Non-governmental organizations
Ouranos,Non-governmental organizations
Overseas Development Institute,Non-governmental organizations
"Overseas Environmental Cooperation Center, Japan",Non-governmental organizations
OXFAM International,Non-governmental organizations
Oxford Climate Policy,Non-governmental organizations
P3 Foundation,Non-governmental organizations
Pacific Forest Trust,Non-governmental organizations
PAIRVI Associates,Non-governmental organizations
Pakistan Community Peace Foundation,Non-governmental organizations
Pan African Climate Justice Alliance,Non-governmental organizations
ParisTech,Non-governmental organizations
Pembina Institute for Appropriate Development,Non-governmental organizations
Pennsylvania Environmental Resource Consortium,Non-governmental organizations
Peoples' Forum 2001 GWRG,Non-governmental organizations
Perkumpulan Sawit Watch,Non-governmental organizations
Plan International,Non-governmental organizations
Planète Amazone,Non-governmental organizations
Plant for the Planet Foundation,Non-governmental organizations
Plymouth Marine Laboratory,Non-governmental organizations
Polish Ecological Club,Non-governmental organizations
Pomona College,Non-governmental organizations
Population Action,Non-governmental organizations
Potsdam Institute for Climate Impact Research,Non-governmental organizations
Practical Action,Non-governmental organizations
Presbyterian Church (U.S.A.),Non-governmental organizations
Princeton University,Non-governmental organizations
Pro-Natura International,Non-governmental organizations
ProClim - Forum for Climate and Global Change,Non-governmental organizations
Project 90 by 2030,Non-governmental organizations
Project Developer Forum Ltd.,Non-governmental organizations
Pronatura Mexico,Non-governmental organizations
Purdue University - Purdue Climate Change Research Center,Non-governmental organizations
Purves Environmental Fund,Non-governmental organizations
Pusan National University - Marine Research Institute,Non-governmental organizations
PUSH Sweden,Non-governmental organizations
Quaker Earthcare Witness,Non-governmental organizations
R20 - Regions of Climate Action,Non-governmental organizations
Rainforest Action Network,Non-governmental organizations
Rainforest Alliance,Non-governmental organizations
Rainforest Concern,Non-governmental organizations
Rainforest Foundation Norway,Non-governmental organizations
Rainforest Foundation UK,Non-governmental organizations
Rainforest Partnership,Non-governmental organizations
Rare,Non-governmental organizations
Reforestamos Mexico,Non-governmental organizations
"Refrigerants, Naturally e.V.",Non-governmental organizations
Regional Environmental Centre for Central Asia,Non-governmental organizations
Remote Sensing Technology Center of Japan,Non-governmental organizations
Renewable Energy and Energy Efficiency Partnership,Non-governmental organizations
Renewable Energy Policy Network,Non-governmental organizations
Renmin University of China,Non-governmental organizations
"Research and Development Centre, Nepal",Non-governmental organizations
Research Centre for Sustainable Development,Non-governmental organizations
Research Institute of Innovative Technology for the Earth,Non-governmental organizations
"Réseau ""sortir du nucléaire""",Non-governmental organizations
Réseau Action Climat - France,Non-governmental organizations
Réseau Français des Etudiants pour le Développement Durable,Non-governmental organizations
Resource Africa,Non-governmental organizations
Resources for the Future,Non-governmental organizations
Responding to Climate Change,Non-governmental organizations
Rheinische Friedrich-Wilhelms-Universität Bonn,Non-governmental organizations
"Rockefeller Brothers Fund, Inc.",Non-governmental organizations
Rockefeller Foundation,Non-governmental organizations
Rocky Mountain Institute,Non-governmental organizations
Rosa-Luxemburg-Stiftung,Non-governmental organizations
Gesellschaftsanalye und politische Bildung e.V.,Non-governmental organizations
Rural Reconstruction Nepal,Non-governmental organizations
Sabanci University,Non-governmental organizations
Saint John's University,Non-governmental organizations
Sauvons Le Climat,Non-governmental organizations
Save the Children International,Non-governmental organizations
School of Environmental Studies Education Foundation,Non-governmental organizations
SeaTrust Institute,Non-governmental organizations
Seawater Foundation,Non-governmental organizations
Seoul International Law Academy,Non-governmental organizations
Sequoia Foundation,Non-governmental organizations
Service Civil International,Non-governmental organizations
Shakti Sustainable Energy Foundation,Non-governmental organizations
Shan Shui Conservation Center,Non-governmental organizations
Shinji Shumeikai,Non-governmental organizations
Sierra Club,Non-governmental organizations
Sierra Club Canada,Non-governmental organizations
"SILVA, Arbres, Forêts et Sociétes",Non-governmental organizations
Sjoham Baabaji Mission,Non-governmental organizations
Small and Medium Scale Entrepreneurship Fundamentals Foundation,Non-governmental organizations
SNV Netherlands Development Organisation,Non-governmental organizations
Sociedade Pesquisa em Vida Salvagem e Educacao Ambiental,Non-governmental organizations
Società Italiana per le Scienze del Clima,Non-governmental organizations
Société Météorologique de France,Non-governmental organizations
Society for Peoples Education and Economic Change,Non-governmental organizations
Society for Threatened Peoples International,Non-governmental organizations
Society of Catholic Medical Missionaries,Non-governmental organizations
Solar Energy Industries Association,Non-governmental organizations
SOS SAHEL International France,Non-governmental organizations
South African Institute of International Affairs,Non-governmental organizations
South Asian Forum for Environment,Non-governmental organizations
South Central India Network for Development Alternatives,Non-governmental organizations
SouthSouthNorth Projects Africa,Non-governmental organizations
"St Louis Aquacenter, Inc.",Non-governmental organizations
Stakeholder Forum for a Sustainable Future,Non-governmental organizations
Stanford University,Non-governmental organizations
Stichting Climate Action Network South Asia,Non-governmental organizations
Stichting Hivos,Non-governmental organizations
(Humanistisch Instituut,Non-governmental organizations
voor,Non-governmental organizations
Ontwikkelingssamenwerki,Non-governmental organizations
ng),Non-governmental organizations
Stockholm Environment Institute,Non-governmental organizations
Stockholm International Water Institute,Non-governmental organizations
Stockholm University - Institute for International Economic Studies,Non-governmental organizations
STOP,Non-governmental organizations
Stop Climate Chaos Scotland,Non-governmental organizations
Strömstad Academy,Non-governmental organizations
Student Energy,Non-governmental organizations
Surfrider Foundation Europe,Non-governmental organizations
Sustainability Council of New Zealand Trust,Non-governmental organizations
Sustainable Business Australia,Non-governmental organizations
Sustainable Development Association,Non-governmental organizations
Sustainable Development Policy Institute,Non-governmental organizations
Sustainable Energy Africa,Non-governmental organizations
Sustainable Environmental Development Watch,Non-governmental organizations
Sustainable Markets Foundation - 350.org,Non-governmental organizations
Sustainable Population Australia Inc.,Non-governmental organizations
SustainUS,Non-governmental organizations
Swarthmore College,Non-governmental organizations
Swedish Society for Nature Conservation,Non-governmental organizations
Swedish University of Agricultural Sciences,Non-governmental organizations
Swiss Association for Environmentally Conscious Management,Non-governmental organizations
Swiss Federal Institute of Technology,Non-governmental organizations
Swisscontact,Non-governmental organizations
Taiwan Institute for Sustainable Energy,Non-governmental organizations
Taiwan Research Institute,Non-governmental organizations
TakingITGlobal,Non-governmental organizations
Tanzania Natural Resource Forum,Non-governmental organizations
TEARFUND,Non-governmental organizations
Tebtebba Foundation,Non-governmental organizations
Technical University of Denmark,Non-governmental organizations
Technische Universität Darmstadt,Non-governmental organizations
Telecommunication and Transportation Foundation,Non-governmental organizations
The Baum Foundation,Non-governmental organizations
The Carbon Trust,Non-governmental organizations
The Caribsave Partnership Inc.,Non-governmental organizations
The Climate Group,Non-governmental organizations
The Climate Reality Project,Non-governmental organizations
The Climate Registry,Non-governmental organizations
The Corner House,Non-governmental organizations
The Energy and Resources Institute,Non-governmental organizations
The Fairtrade Foundation,Non-governmental organizations
The Gaia Foundation,Non-governmental organizations
The George Washington University,Non-governmental organizations
The Gold Standard,Non-governmental organizations
The Interfaith Center for Sustainable Development,Non-governmental organizations
The Kenya Climate Change Working Group Association,Non-governmental organizations
The Nature Conservancy,Non-governmental organizations
The Royal Society,Non-governmental organizations
The Shift Project,Non-governmental organizations
The Stanley Foundation,Non-governmental organizations
The Sustainable Development Institute,Non-governmental organizations
The University of Arizona,Non-governmental organizations
The University of,Non-governmental organizations
Manchester,Non-governmental organizations
The University of Sheffield,Non-governmental organizations
The Woods Hole Research Center,Non-governmental organizations
TheCompensators,Non-governmental organizations
Third Generation,Non-governmental organizations
Environmentalism,Non-governmental organizations
Third World Network,Non-governmental organizations
Tianda Institute,Non-governmental organizations
"Tokyo Institute of Technology, Japan",Non-governmental organizations
Transnational Institute,Non-governmental organizations
Transparency,Non-governmental organizations
Transport Research Foundation,Non-governmental organizations
Tropical Forest Group,Non-governmental organizations
Trustees of Tufts College,Non-governmental organizations
"Tsinghua University, Global Climate Change Institute",Non-governmental organizations
"Turkish Foundation for Combating Soil Erosion, for Reforestation and the Protection of the Natural Habitats",Non-governmental organizations
U.S. Climate Action Network,Non-governmental organizations
U.S. Green Building Council,Non-governmental organizations
UiT The Arctic University of Norway,Non-governmental organizations
Umea University,Non-governmental organizations
UNANIMA International,Non-governmental organizations
UNEP - Finance Initiative,Non-governmental organizations
UNICA - Brazilian Sugarcane Industry Association,Non-governmental organizations
Union Française de l'Electricité,Non-governmental organizations
Unión Industrial Argentina,Non-governmental organizations
Union nationale des Centres permanents d'initiatives pour l'environnement,Non-governmental organizations
Union of Concerned Scientists,Non-governmental organizations
Unis-Terre,Non-governmental organizations
Unitarian Universalist Association,Non-governmental organizations
United Church of Canada,Non-governmental organizations
United Cities and Local Governments,Non-governmental organizations
United Kingdom Youth Climate Coalition Limited,Non-governmental organizations
United Methodist Church - General Board of Church and Society,Non-governmental organizations
United Mine Workers of America,Non-governmental organizations
United Nations Foundation,Non-governmental organizations
United Nations of Youth Network,Non-governmental organizations
United States Conference of Mayors,Non-governmental organizations
United States Council for International Business,Non-governmental organizations
Universidad Politécnica de Cataluña,Non-governmental organizations
Université de Montréal,Non-governmental organizations
Université du Québec à Montréal,Non-governmental organizations
Université Laval,Non-governmental organizations
"Université Libre de Bruxelles, Centre d'Etudes Economiques et Sociales de l'Environnement",Non-governmental organizations
"University College Cork - National University of Ireland, Cork",Non-governmental organizations
University College London,Non-governmental organizations
University Corporation for Atmospheric Research,Non-governmental organizations
"University Luigi Bocconi, Institute of Energy and Environment Economics and Policy",Non-governmental organizations
University of Zurich,Non-governmental organizations
University of Bayreuth,Non-governmental organizations
University of California,Non-governmental organizations
University of Cambridge,Non-governmental organizations
University of Cape Town,Non-governmental organizations
University of Colorado at Boulder,Non-governmental organizations
University of Copenhagen,Non-governmental organizations
"University of Delaware, Center for Energy and Environmental Policy",Non-governmental organizations
University of East Anglia,Non-governmental organizations
University of Eastern Finland,Non-governmental organizations
University of Edinburgh,Non-governmental organizations
"University of Freiburg, Institute of Forest and Environmental Policy",Non-governmental organizations
University of Genoa,Non-governmental organizations
University of Gothenburg,Non-governmental organizations
University of Hamburg,Non-governmental organizations
University of Hong Kong,Non-governmental organizations
University of Iceland,Non-governmental organizations
University of Lapland,Non-governmental organizations
University of Leeds,Non-governmental organizations
University of Linköping,Non-governmental organizations
"University of Maastricht, Institute for Transnational Legal Research",Non-governmental organizations
University of Mannheim,Non-governmental organizations
University of Maryland,Non-governmental organizations
University of Melbourne,Non-governmental organizations
University of Michigan,Non-governmental organizations
University of Minnesota,Non-governmental organizations
University of Montana,Non-governmental organizations
University of New South Wales,Non-governmental organizations
University of Nijmegen,Non-governmental organizations
University of Oslo,Non-governmental organizations
"University of Oxford, Environmental Change Institute",Non-governmental organizations
University of Potsdam,Non-governmental organizations
University of Queensland,Non-governmental organizations
University of Reading,Non-governmental organizations
University of Surrey,Non-governmental organizations
University of Sussex - Sussex Energy Group,Non-governmental organizations
University of Technology Malaysia,Non-governmental organizations
"University of Technology, Sydney",Non-governmental organizations
University of Texas at Austin,Non-governmental organizations
University of Tokyo,Non-governmental organizations
University of Toronto,Non-governmental organizations
University of Tuscia,Non-governmental organizations
University of Twente,Non-governmental organizations
University of Vermont,Non-governmental organizations
University of Waterloo,Non-governmental organizations
Uppsala University,Non-governmental organizations
Vasudha Foundation,Non-governmental organizations
Verified Carbon Standard Association,Non-governmental organizations
Vermont Law School,Non-governmental organizations
Victoria University Wellington,Non-governmental organizations
Vikalp,Non-governmental organizations
Village Reconstruction and Development Project,Non-governmental organizations
Viracao,Non-governmental organizations
Educommunication,Non-governmental organizations
Vivre en Ville,Non-governmental organizations
Washington University,Non-governmental organizations
Wayne State University,Non-governmental organizations
Welthungerhilfe,Non-governmental organizations
Wetlands International,Non-governmental organizations
Widener University,Non-governmental organizations
Wildlife Conservation Society,Non-governmental organizations
William J. Clinton Foundation,Non-governmental organizations
Windfall Energy Project,Non-governmental organizations
Winrock International,Non-governmental organizations
Women Environmental Programme,Non-governmental organizations
Women in Europe for a Common Future,Non-governmental organizations
Women Organizing for Change in Agriculture and Natural Resource Management,Non-governmental organizations
Women's Earth and Climate Caucus,Non-governmental organizations
Women's Environment and Development Organization,Non-governmental organizations
Woods Hole,Non-governmental organizations
Oceanographic Institution,Non-governmental organizations
Work and Environment Association,Non-governmental organizations
World Alliance of Young Men's Christian Associations,Non-governmental organizations
World Association of Girl Guides and Girl Scouts,Non-governmental organizations
World Bioenergy,Non-governmental organizations
World Business Council for Sustainable Development,Non-governmental organizations
World Coal Association,Non-governmental organizations
World Conference of Religions for Peace,Non-governmental organizations
World Council of Churches,Non-governmental organizations
World Economic Forum,Non-governmental organizations
World Energy Council,Non-governmental organizations
World Farmers' Organisation,Non-governmental organizations
World Federation of Engineering Organizations,Non-governmental organizations
World Federation of United Nations Associations,Non-governmental organizations
World Future Council,Non-governmental organizations
"World Green Building Council, Inc.",Non-governmental organizations
World Information Transfer Inc.,Non-governmental organizations
World LP Gas Association,Non-governmental organizations
World Medical Association,Non-governmental organizations
World Nuclear Association,Non-governmental organizations
World Ocean Council,Non-governmental organizations
World Ocean Network,Non-governmental organizations
World Organization of the Scout Movement,Non-governmental organizations
World Petroleum Council,Non-governmental organizations
World Resources Institute,Non-governmental organizations
World Society for the Protection of Animals,Non-governmental organizations
World Steel Association,Non-governmental organizations
World Vision International,Non-governmental organizations
World Wind Energy Association,Non-governmental organizations
World Youth Foundation,Non-governmental organizations
Worldwatch Institute,Non-governmental organizations
Worldwide Universities Network,Non-governmental organizations
"Wuppertal Institute for Climate, Environment and Energy",Non-governmental organizations
WWF,Non-governmental organizations
Xiamen University,Non-governmental organizations
Yale Student Environmental Coalition,Non-governmental organizations
Yale University,Non-governmental organizations
York University,Non-governmental organizations
Young Energy Specialists - Development Cooperation,Non-governmental organizations
Young European,Non-governmental organizations
Leadership,Non-governmental organizations
Young Power in Social Action,Non-governmental organizations
Youth Action Environmental Network Lower Saxony,Non-governmental organizations
Youth Association No Excuse,Non-governmental organizations
Youth Crime Watch of Nigeria,Non-governmental organizations
